/* this is to populate the TABLE FoodItem */
insert into FoodItem (NDBNum, itemDesc) values (01001, 'BUTTER,WITH SALT');
insert into FoodItem (NDBNum, itemDesc) values (01002, 'BUTTER,WHIPPED,WITH SALT');
insert into FoodItem (NDBNum, itemDesc) values (01003, 'BUTTER OIL,ANHYDROUS');
insert into FoodItem (NDBNum, itemDesc) values (01004, 'CHEESE,BLUE');
insert into FoodItem (NDBNum, itemDesc) values (01005, 'CHEESE,BRICK');
insert into FoodItem (NDBNum, itemDesc) values (01006, 'CHEESE,BRIE');
insert into FoodItem (NDBNum, itemDesc) values (01007, 'CHEESE,CAMEMBERT');
insert into FoodItem (NDBNum, itemDesc) values (01008, 'CHEESE,CARAWAY');
insert into FoodItem (NDBNum, itemDesc) values (01009, 'CHEESE,CHEDDAR');
insert into FoodItem (NDBNum, itemDesc) values (01010, 'CHEESE,CHESHIRE');
insert into FoodItem (NDBNum, itemDesc) values (01011, 'CHEESE,COLBY');
insert into FoodItem (NDBNum, itemDesc) values (01012, 'CHEESE,COTTAGE,CRMD,LRG OR SML CURD');
insert into FoodItem (NDBNum, itemDesc) values (01013, 'CHEESE,COTTAGE,CRMD,W/FRUIT');
insert into FoodItem (NDBNum, itemDesc) values (01014, 'CHEESE,COTTAGE,NONFAT,UNCRMD,DRY,LRG OR SML CURD');
insert into FoodItem (NDBNum, itemDesc) values (01015, 'CHEESE,COTTAGE,LOWFAT,2% MILKFAT');
insert into FoodItem (NDBNum, itemDesc) values (01016, 'CHEESE,COTTAGE,LOWFAT,1% MILKFAT');
insert into FoodItem (NDBNum, itemDesc) values (01017, 'CHEESE,CREAM');
insert into FoodItem (NDBNum, itemDesc) values (01018, 'CHEESE,EDAM');
insert into FoodItem (NDBNum, itemDesc) values (01019, 'CHEESE,FETA');
insert into FoodItem (NDBNum, itemDesc) values (01020, 'CHEESE,FONTINA');
insert into FoodItem (NDBNum, itemDesc) values (01021, 'CHEESE,GJETOST');
insert into FoodItem (NDBNum, itemDesc) values (01022, 'CHEESE,GOUDA');
insert into FoodItem (NDBNum, itemDesc) values (01023, 'CHEESE,GRUYERE');
insert into FoodItem (NDBNum, itemDesc) values (01024, 'CHEESE,LIMBURGER');
insert into FoodItem (NDBNum, itemDesc) values (01025, 'CHEESE,MONTEREY');
insert into FoodItem (NDBNum, itemDesc) values (01026, 'CHEESE,MOZZARELLA,WHL MILK');
insert into FoodItem (NDBNum, itemDesc) values (01027, 'CHEESE,MOZZARELLA,WHL MILK,LO MOIST');
insert into FoodItem (NDBNum, itemDesc) values (01028, 'CHEESE,MOZZARELLA,PART SKIM MILK');
insert into FoodItem (NDBNum, itemDesc) values (01029, 'CHEESE,MOZZARELLA,LO MOIST,PART-SKIM');
insert into FoodItem (NDBNum, itemDesc) values (01030, 'CHEESE,MUENSTER');
insert into FoodItem (NDBNum, itemDesc) values (01031, 'CHEESE,NEUFCHATEL');
insert into FoodItem (NDBNum, itemDesc) values (01032, 'CHEESE,PARMESAN,GRATED');
insert into FoodItem (NDBNum, itemDesc) values (01033, 'CHEESE,PARMESAN,HARD');
insert into FoodItem (NDBNum, itemDesc) values (01034, 'CHEESE,PORT DE SALUT');
insert into FoodItem (NDBNum, itemDesc) values (01035, 'CHEESE,PROVOLONE');
insert into FoodItem (NDBNum, itemDesc) values (01036, 'CHEESE,RICOTTA,WHOLE MILK');
insert into FoodItem (NDBNum, itemDesc) values (01037, 'CHEESE,RICOTTA,PART SKIM MILK');
insert into FoodItem (NDBNum, itemDesc) values (01038, 'CHEESE,ROMANO');
insert into FoodItem (NDBNum, itemDesc) values (01039, 'CHEESE,ROQUEFORT');
insert into FoodItem (NDBNum, itemDesc) values (01040, 'CHEESE,SWISS');
insert into FoodItem (NDBNum, itemDesc) values (01041, 'CHEESE,TILSIT');
insert into FoodItem (NDBNum, itemDesc) values (01042, 'CHEESE,PAST PROCESS,AMERICAN,FORT W/ VITAMIN D');
insert into FoodItem (NDBNum, itemDesc) values (01043, 'CHEESE,PAST PROCESS,PIMENTO');
insert into FoodItem (NDBNum, itemDesc) values (01044, 'CHEESE,PAST PROCESS,SWISS');
insert into FoodItem (NDBNum, itemDesc) values (01045, 'CHEESE FD,COLD PK,AMERICAN');
insert into FoodItem (NDBNum, itemDesc) values (01046, 'CHEESE FD,PAST PROCESS,AMERICAN,VITAMIN D FORT');
insert into FoodItem (NDBNum, itemDesc) values (01047, 'CHEESE FD,PAST PROCESS,SWISS');
insert into FoodItem (NDBNum, itemDesc) values (01048, 'CHEESE SPRD,PAST PROCESS,AMERICAN');
insert into FoodItem (NDBNum, itemDesc) values (01049, 'CREAM,FLUID,HALF AND HALF');
insert into FoodItem (NDBNum, itemDesc) values (01050, 'CREAM,FLUID,LT (COFFEE CRM OR TABLE CRM)');

/* this is to populate the TABLE BasicNutrients*/
insert into BasicNutrients (Id, Water, Energy, Protein, Carbohydrt, Fiber, Sugar, Calcuim, Sodium, Cholestrl) values (01001, 15.87, 717, 0.85, 0.06, 0, 0.06, 24, 643, 215);
insert into BasicNutrients (Id, Water, Energy, Protein, Carbohydrt, Fiber, Sugar, Calcuim, Sodium, Cholestrl) values (01002, 15.87, 717, 0.85, 0.06, 0, 0.06, 24, 659, 219);
insert into BasicNutrients (Id, Water, Energy, Protein, Carbohydrt, Fiber, Sugar, Calcuim, Sodium, Cholestrl) values (01003, 0.24, 876, 0.28, 0, 0, 0, 4, 2, 256);
insert into BasicNutrients (Id, Water, Energy, Protein, Carbohydrt, Fiber, Sugar, Calcuim, Sodium, Cholestrl) values (01004, 42.41, 352, 21.4, 2.34, 0, 0.5, 528, 1146, 75);
insert into BasicNutrients (Id, Water, Energy, Protein, Carbohydrt, Fiber, Sugar, Calcuim, Sodium, Cholestrl) values (01005, 41.11, 371, 23.24, 2.79, 0, 0.51, 674, 560, 94);
insert into BasicNutrients (Id, Water, Energy, Protein, Carbohydrt, Fiber, Sugar, Calcuim, Sodium, Cholestrl) values (01006, 48.42, 334, 20.75, 0.45, 0, 0.45, 184, 629, 100);
insert into BasicNutrients (Id, Water, Energy, Protein, Carbohydrt, Fiber, Sugar, Calcuim, Sodium, Cholestrl) values (01007, 51.8, 300, 19.8, 0.46, 0, 0.46, 388, 842, 72);
insert into BasicNutrients (Id, Water, Energy, Protein, Carbohydrt, Fiber, Sugar, Calcuim, Sodium, Cholestrl) values (01008, 39.28, 376, 25.18, 3.06, 0, 0, 673, 690, 93);
insert into BasicNutrients (Id, Water, Energy, Protein, Carbohydrt, Fiber, Sugar, Calcuim, Sodium, Cholestrl) values (01009, 37.1, 406, 24.04, 1.33, 0, 0.28, 675, 644, 102);
insert into BasicNutrients (Id, Water, Energy, Protein, Carbohydrt, Fiber, Sugar, Calcuim, Sodium, Cholestrl) values (01010, 37.65, 387, 23.37, 4.78, 0, 0, 643, 700, 103);
insert into BasicNutrients (Id, Water, Energy, Protein, Carbohydrt, Fiber, Sugar, Calcuim, Sodium, Cholestrl) values (01011, 38.2, 394, 23.76, 2.57, 0, 0.52, 685, 604, 95);
insert into BasicNutrients (Id, Water, Energy, Protein, Carbohydrt, Fiber, Sugar, Calcuim, Sodium, Cholestrl) values (01012, 79.79, 98, 11.12, 3.38, 0, 2.67, 83, 364, 17);
insert into BasicNutrients (Id, Water, Energy, Protein, Carbohydrt, Fiber, Sugar, Calcuim, Sodium, Cholestrl) values (01013, 79.64, 97, 10.69, 4.61, 0.2, 2.38, 53, 344, 13);
insert into BasicNutrients (Id, Water, Energy, Protein, Carbohydrt, Fiber, Sugar, Calcuim, Sodium, Cholestrl) values (01014, 81.01, 72, 10.34, 6.66, 0, 1.85, 86, 372, 7);
insert into BasicNutrients (Id, Water, Energy, Protein, Carbohydrt, Fiber, Sugar, Calcuim, Sodium, Cholestrl) values (01015, 81.24, 81, 10.45, 4.76, 0, 4, 111, 308, 12);
insert into BasicNutrients (Id, Water, Energy, Protein, Carbohydrt, Fiber, Sugar, Calcuim, Sodium, Cholestrl) values (01016, 82.48, 72, 12.39, 2.72, 0, 2.72, 61, 406, 4);
insert into BasicNutrients (Id, Water, Energy, Protein, Carbohydrt, Fiber, Sugar, Calcuim, Sodium, Cholestrl) values (01017, 54.44, 342, 5.93, 4.07, 0, 3.21, 98, 365, 110);
insert into BasicNutrients (Id, Water, Energy, Protein, Carbohydrt, Fiber, Sugar, Calcuim, Sodium, Cholestrl) values (01018, 41.56, 357, 24.99, 1.43, 0, 1.43, 731, 812, 89);
insert into BasicNutrients (Id, Water, Energy, Protein, Carbohydrt, Fiber, Sugar, Calcuim, Sodium, Cholestrl) values (01019, 55.22, 264, 14.21, 4.09, 0, 4.09, 493, 917, 89);
insert into BasicNutrients (Id, Water, Energy, Protein, Carbohydrt, Fiber, Sugar, Calcuim, Sodium, Cholestrl) values (01020, 37.92, 389, 25.6, 1.55, 0, 1.55, 550, 800, 116);
insert into BasicNutrients (Id, Water, Energy, Protein, Carbohydrt, Fiber, Sugar, Calcuim, Sodium, Cholestrl) values (01021, 13.44, 466, 9.65, 42.65, 0, 0, 400, 600, 94);
insert into BasicNutrients (Id, Water, Energy, Protein, Carbohydrt, Fiber, Sugar, Calcuim, Sodium, Cholestrl) values (01022, 41.46, 356, 24.94, 2.22, 0, 2.22, 700, 819, 114);
insert into BasicNutrients (Id, Water, Energy, Protein, Carbohydrt, Fiber, Sugar, Calcuim, Sodium, Cholestrl) values (01023, 33.19, 413, 29.81, 0.36, 0, 0.36, 1011, 714, 110);
insert into BasicNutrients (Id, Water, Energy, Protein, Carbohydrt, Fiber, Sugar, Calcuim, Sodium, Cholestrl) values (01024, 48.42, 327, 20.05, 0.49, 0, 0.49, 497, 800, 90);
insert into BasicNutrients (Id, Water, Energy, Protein, Carbohydrt, Fiber, Sugar, Calcuim, Sodium, Cholestrl) values (01025, 41.01, 373, 24.48, 0.68, 0, 0.5, 746, 600, 89);
insert into BasicNutrients (Id, Water, Energy, Protein, Carbohydrt, Fiber, Sugar, Calcuim, Sodium, Cholestrl) values (01026, 50.01, 300, 22.17, 2.19, 0, 1.03, 505, 627, 79);
insert into BasicNutrients (Id, Water, Energy, Protein, Carbohydrt, Fiber, Sugar, Calcuim, Sodium, Cholestrl) values (01027, 48.38, 318, 21.6, 2.47, 0, 1.01, 575, 710, 89);
insert into BasicNutrients (Id, Water, Energy, Protein, Carbohydrt, Fiber, Sugar, Calcuim, Sodium, Cholestrl) values (01028, 53.78, 254, 24.26, 2.77, 0, 1.13, 782, 619, 64);
insert into BasicNutrients (Id, Water, Energy, Protein, Carbohydrt, Fiber, Sugar, Calcuim, Sodium, Cholestrl) values (01029, 45.54, 301, 24.58, 6.36, 0, 2.24, 716, 682, 65);
insert into BasicNutrients (Id, Water, Energy, Protein, Carbohydrt, Fiber, Sugar, Calcuim, Sodium, Cholestrl) values (01030, 41.77, 368, 23.41, 1.12, 0, 1.12, 717, 628, 96);
insert into BasicNutrients (Id, Water, Energy, Protein, Carbohydrt, Fiber, Sugar, Calcuim, Sodium, Cholestrl) values (01031, 63.11, 253, 9.15, 3.59, 0, 3.19, 117, 334, 746);
insert into BasicNutrients (Id, Water, Energy, Protein, Carbohydrt, Fiber, Sugar, Calcuim, Sodium, Cholestrl) values (01032, 22.65, 420, 28.42, 13.91, 0, 0.07, 853, 1804, 86);
insert into BasicNutrients (Id, Water, Energy, Protein, Carbohydrt, Fiber, Sugar, Calcuim, Sodium, Cholestrl) values (01033, 29.16, 392, 35.75, 3.22, 0, 0.8, 1184, 1376, 68);
insert into BasicNutrients (Id, Water, Energy, Protein, Carbohydrt, Fiber, Sugar, Calcuim, Sodium, Cholestrl) values (01034, 45.45, 352, 23.78, 0.57, 0, 0.57, 650, 534, 123);
insert into BasicNutrients (Id, Water, Energy, Protein, Carbohydrt, Fiber, Sugar, Calcuim, Sodium, Cholestrl) values (01035, 40.95, 351, 25.58, 2.14, 0, 0.56, 756, 876, 69);
insert into BasicNutrients (Id, Water, Energy, Protein, Carbohydrt, Fiber, Sugar, Calcuim, Sodium, Cholestrl) values (01036, 71.7, 174, 11.26, 3.04, 0, 0.27, 207, 84, 51);
insert into BasicNutrients (Id, Water, Energy, Protein, Carbohydrt, Fiber, Sugar, Calcuim, Sodium, Cholestrl) values (01037, 74.41, 138, 11.39, 5.14, 0, 0.31, 272, 99, 31);
insert into BasicNutrients (Id, Water, Energy, Protein, Carbohydrt, Fiber, Sugar, Calcuim, Sodium, Cholestrl) values (01038, 30.91, 387, 31.8, 3.63, 0, 0.73, 1064, 1433, 104);
insert into BasicNutrients (Id, Water, Energy, Protein, Carbohydrt, Fiber, Sugar, Calcuim, Sodium, Cholestrl) values (01039, 39.38, 369, 21.54, 2, 0, 0, 662, 1809, 90);
insert into BasicNutrients (Id, Water, Energy, Protein, Carbohydrt, Fiber, Sugar, Calcuim, Sodium, Cholestrl) values (01040, 37.12, 380, 26.93, 5.38, 0, 1.32, 791, 70, 92);
insert into BasicNutrients (Id, Water, Energy, Protein, Carbohydrt, Fiber, Sugar, Calcuim, Sodium, Cholestrl) values (01041, 42.86, 340, 24.41, 1.88, 0, 0, 700, 753, 102);
insert into BasicNutrients (Id, Water, Energy, Protein, Carbohydrt, Fiber, Sugar, Calcuim, Sodium, Cholestrl) values (01042, 39.61, 366, 18.13, 4.78, 0, 2.26, 1045, 1671, 100);
insert into BasicNutrients (Id, Water, Energy, Protein, Carbohydrt, Fiber, Sugar, Calcuim, Sodium, Cholestrl) values (01043, 39.08, 375, 22.13, 1.73, 0.1, 0.62, 614, 915, 94);
insert into BasicNutrients (Id, Water, Energy, Protein, Carbohydrt, Fiber, Sugar, Calcuim, Sodium, Cholestrl) values (01044, 42.31, 334, 24.73, 2.1, 0, 1.23, 772, 1370, 85);
insert into BasicNutrients (Id, Water, Energy, Protein, Carbohydrt, Fiber, Sugar, Calcuim, Sodium, Cholestrl) values (01045, 43.12, 331, 19.66, 8.32, 0, 0, 497, 966, 64);
insert into BasicNutrients (Id, Water, Energy, Protein, Carbohydrt, Fiber, Sugar, Calcuim, Sodium, Cholestrl) values (01046, 44, 330, 16.86, 8.56, 0, 5.59, 682, 1284, 98);
insert into BasicNutrients (Id, Water, Energy, Protein, Carbohydrt, Fiber, Sugar, Calcuim, Sodium, Cholestrl) values (01047, 43.67, 323, 21.92, 4.5, 0, 0, 723, 1552, 82);
insert into BasicNutrients (Id, Water, Energy, Protein, Carbohydrt, Fiber, Sugar, Calcuim, Sodium, Cholestrl) values (01048, 47.65, 290, 16.41, 8.73, 0, 7.32, 562, 1625, 55);
insert into BasicNutrients (Id, Water, Energy, Protein, Carbohydrt, Fiber, Sugar, Calcuim, Sodium, Cholestrl) values (01049, 80.57, 130, 2.96, 4.3, 0, 4.3, 105, 41, 37);
insert into BasicNutrients (Id, Water, Energy, Protein, Carbohydrt, Fiber, Sugar, Calcuim, Sodium, Cholestrl) values (01050, 73.75, 195, 2.7, 3.66, 0, 3.66, 96, 40, 66);


/* this is to populate the TABLE Vitamins*/
insert into Vitamins (Id, C, B6, B12, A_IU, A_RAE, E, D_mg, D_IU, K) values (01001,	0, 0.003, 0.17, 2499, 684, 2.32, 1.5, 60, 7);
insert into Vitamins (Id, C, B6, B12, A_IU, A_RAE, E, D_mg, D_IU, K) values (01002,	0, 0.003, 0.13,	2499, 684, 2.32, 1.5, 60, 7);
insert into Vitamins (Id, C, B6, B12, A_IU, A_RAE, E, D_mg, D_IU, K) values (01003,	0,	0.001, 0.01, 3069, 840,	2.8, 1.8, 73, 8.6);
insert into Vitamins (Id, C, B6, B12, A_IU, A_RAE, E, D_mg, D_IU, K) values (01004,	0,	0.166,	1.22,	721,	198,	0.25,	0.5,	21,	2.4);
insert into Vitamins (Id, C, B6, B12, A_IU, A_RAE, E, D_mg, D_IU, K) values (01005,	0,	0.065,	1.26,	1080,	292,	0.26,	0.5,	22,	2.5);
insert into Vitamins (Id, C, B6, B12, A_IU, A_RAE, E, D_mg, D_IU, K) values (01006,	0,	0.235,	1.65,	592,	174,	0.24,	0.5,	20,	2.3);
insert into Vitamins (Id, C, B6, B12, A_IU, A_RAE, E, D_mg, D_IU, K) values (01007,	0,	0.227,	1.3,	820, 	241,	0.21,	0.4,	18,	2);
insert into Vitamins (Id, C, B6, B12, A_IU, A_RAE, E, D_mg, D_IU, K) values (01008,	0,	0.074,	0.27,	1054,	271,	0,	0,	0, 0);
insert into Vitamins (Id, C, B6, B12, A_IU, A_RAE, E, D_mg, D_IU, K) values (01009,	0,	0.049,	0.88,	994,	263,	0.78,	0.6, 24,	2.9);
insert into Vitamins (Id, C, B6, B12, A_IU, A_RAE, E, D_mg, D_IU, K) values (01010,	0,	0.074,	0.83,	985,	233,	0,	0,		0, 0);	
insert into Vitamins (Id, C, B6, B12, A_IU, A_RAE, E, D_mg, D_IU, K) values (1011,	0,	0.079,	0.83,	994,	264,	0.28,	0.6,	24,	2.7);
insert into Vitamins (Id, C, B6, B12, A_IU, A_RAE, E, D_mg, D_IU, K) values (1012,	0,	0.046,	0.43,	140,	37,	0.08,	0.1,	3,	0);
insert into Vitamins (Id, C, B6, B12, A_IU, A_RAE, E, D_mg, D_IU, K) values (1013,	1.4, 0.068,	0.53,	146,	38,	0.04,	0,	0, 0.4);
insert into Vitamins (Id, C, B6, B12, A_IU, A_RAE, E, D_mg, D_IU, K) values (1013,	1.4, 0.068,	0.53,	146,	38,	0.04,	0,	0,	0.4);
insert into Vitamins (Id, C, B6, B12, A_IU, A_RAE, E, D_mg, D_IU, K) values (1014,	0,	0.016,	0.46,	8,	2,	0.01,	0,	0,	0);	
insert into Vitamins (Id, C, B6, B12, A_IU, A_RAE, E, D_mg, D_IU, K) values (1015,	0,	0.057,	0.47,	225,	68,	0.08,	0,	0,	0);
insert into Vitamins (Id, C, B6, B12, A_IU, A_RAE, E, D_mg, D_IU, K) values (1016,	0,	0.068,	0.63,	41,	11,	0.01,	0,	0,	0.1);
insert into Vitamins (Id, C, B6, B12, A_IU, A_RAE, E, D_mg, D_IU, K) values (1017,	0,	0.035,	0.25,	1343,	366,	0.29,	0.6,	25,	2.9);
insert into Vitamins (Id, C, B6, B12, A_IU, A_RAE, E, D_mg, D_IU, K) values (1018,	0,	0.076,	1.54,	825,	243,	0.24,	0.5,	20,	2.3);	
insert into Vitamins (Id, C, B6, B12, A_IU, A_RAE, E, D_mg, D_IU, K) values (1019,	0,	0.424,	1.69,	422,	125,	0.18,	0.4,	16,	1.8);
insert into Vitamins (Id, C, B6, B12, A_IU, A_RAE, E, D_mg, D_IU, K) values (1020,	0,	0.083,	1.68,	913,	261,	0.27,	0.6,	23,	2.6);
insert into Vitamins (Id, C, B6, B12, A_IU, A_RAE, E, D_mg, D_IU, K) values (1021,	0,	0.271,	2.42,	1113,	334,	0,	0,	0,	0);
insert into Vitamins (Id, C, B6, B12, A_IU, A_RAE, E, D_mg, D_IU, K) values (1022,	0,	0.08,	1.54,	563,	165,	0.24,	0.5,	20,	2.3);
insert into Vitamins (Id, C, B6, B12, A_IU, A_RAE, E, D_mg, D_IU, K) values (1023,	0,	0.081,	1.6,	948,	271,	0.28,	0.6,	24,	2.7);
insert into Vitamins (Id, C, B6, B12, A_IU, A_RAE, E, D_mg, D_IU, K) values (1024,	0,	0.086,	1.04,	1155,	340,	0.23,	0.5,	20,	2.3);
insert into Vitamins (Id, C, B6, B12, A_IU, A_RAE, E, D_mg, D_IU, K) values (1025,	0,	0.079,	0.83,	769,	198,	0.26,	0.6,	22,	2.5);
insert into Vitamins (Id, C, B6, B12, A_IU, A_RAE, E, D_mg, D_IU, K) values (1026,	0,	0.037,	2.28,	676,	179,	0.19,	0.4,	16,	2.3);
insert into Vitamins (Id, C, B6, B12, A_IU, A_RAE, E, D_mg, D_IU, K) values (1027,	0,	0.062,	0.73,	745,	197,	0.21,	0.5,	18,	2.5);
insert into Vitamins (Id, C, B6, B12, A_IU, A_RAE, E, D_mg, D_IU, K) values (1028,	0,	0.07,	0.82,	481,	127,	0.14,	0.3,	12,	1.6);
insert into Vitamins (Id, C, B6, B12, A_IU, A_RAE, E, D_mg, D_IU, K) values (1029,	0,	0.111,	1.82,	846,	254,	0.43,	0.4,	15,	1.3);
insert into Vitamins (Id, C, B6, B12, A_IU, A_RAE, E, D_mg, D_IU, K) values (1030,	0,	0.056,	1.47,	1012,	298,	0.26,	0.6,	22,	2.5);
insert into Vitamins (Id, C, B6, B12, A_IU, A_RAE, E, D_mg, D_IU, K) values (1031,	0, 0.041,	0.3,	841,	241,	0.4,	0,	0,	1.7);
insert into Vitamins (Id, C, B6, B12, A_IU, A_RAE, E, D_mg, D_IU, K) values (1032,	0,	0.081,	1.4,	974,	262,	0.53,	0.5,	21,	1.7);
insert into Vitamins (Id, C, B6, B12, A_IU, A_RAE, E, D_mg, D_IU, K) values (1033,	0, 0.091, 1.2, 781, 207, 0.22, 0.5,	19,	1.7);
insert into Vitamins (Id, C, B6, B12, A_IU, A_RAE, E, D_mg, D_IU, K) values (1034,	0,	0.053,	1.5,	1092,	315,	0.24,	0.5,	21,	2.4);
insert into Vitamins (Id, C, B6, B12, A_IU, A_RAE, E, D_mg, D_IU, K) values (1035,	0,	0.073,	1.46,	880,	236,	0.23,	0.5,	20,	2.2);
insert into Vitamins (Id, C, B6, B12, A_IU, A_RAE, E, D_mg, D_IU, K) values (1036,	0,	0.043,	0.34,	445,	120,	0.11,	0.2,	10,	1.1);
insert into Vitamins (Id, C, B6, B12, A_IU, A_RAE, E, D_mg, D_IU, K) values (1037,	0,	0.02,	0.29,	384,	107,	0.07,	0.1,	6,	0.7);
insert into Vitamins (Id, C, B6, B12, A_IU, A_RAE, E, D_mg, D_IU, K) values (1038,	0,	0.085,	1.12,	415,	96, 	0.23,	0.5,	20,	2.2);
insert into Vitamins (Id, C, B6, B12, A_IU, A_RAE, E, D_mg, D_IU, K) values (1039,	0,	0.124,	0.64,	1047,	294,		0, 0, 0, 0);
insert into Vitamins (Id, C, B6, B12, A_IU, A_RAE, E, D_mg, D_IU, K) values (1040,	0,	0.083,	3.34,	830,	220,	0.38,	0.5,	20,	2.5);
insert into Vitamins (Id, C, B6, B12, A_IU, A_RAE, E, D_mg, D_IU, K) values (1041,	0,	0.065,	2.1,	1045,	249,	0,	0,	0,	0);
insert into Vitamins (Id, C, B6, B12, A_IU, A_RAE, E, D_mg, D_IU, K) values (1042,	0,	0.054,	1.5,	1131,	317,	0.8,	7.5,	301,	3.7);
insert into Vitamins (Id, C, B6, B12, A_IU, A_RAE, E, D_mg, D_IU, K) values (1043,	2.3, 0.071,	0.7,	1030,	244,	0.29,	0.5,	22,	2.9);
insert into Vitamins (Id, C, B6, B12, A_IU, A_RAE, E, D_mg, D_IU, K) values (1044,	0,	0.036,	1.23,	746,	198,	0.34,	0.5,	18,	2.2);
insert into Vitamins (Id, C, B6, B12, A_IU, A_RAE, E, D_mg, D_IU, K) values (1045,	0,	0.141,	1.28,	705,	0,	0,	0,	0,	0);
insert into Vitamins (Id, C, B6, B12, A_IU, A_RAE, E, D_mg, D_IU, K) values (1046,	0,	0.102,	1.33,	761,	201,	0.63,	2.5,	102,	3.4);	
insert into Vitamins (Id, C, B6, B12, A_IU, A_RAE, E, D_mg, D_IU, K) values (1047,	0,	0.035,	2.3,	856,	237,	0,	0,	0,	0);
insert into Vitamins (Id, C, B6, B12, A_IU, A_RAE, E, D_mg, D_IU, K) values (1048,	0,	0.117,	0.4,	653,	173,	0.19,	0.4,	16,	1.8);
insert into Vitamins (Id, C, B6, B12, A_IU, A_RAE, E, D_mg, D_IU, K) values (1049,	0.9, 0.039,	0.33,	354,	97,	0.33,	0.2,	8,	1.3);
insert into Vitamins (Id, C, B6, B12, A_IU, A_RAE, E, D_mg, D_IU, K) values (1050,	0.8, 0.032,	0.22,	656,	181,	0.55,	0.4,	14,	1.7);


