/* these are to populate the TABLE Albums*/
	insert into Albums (AId, Title, Year, Label, Type) values (1, 'Le Pop', 2008, 'Propeller Recordings', 'Studio');
	insert into Albums (AId, Title, Year, Label, Type) values (2, 'A Kiss Before You Go', 2011, 'Propeller Recordings', 'Studio');
	insert into Albums (AId, Title, Year, Label, Type) values (3, 'A Kiss Before You Go: Live in Hamburg', 2012, 'Universal Music Group', 'Live');
	insert into Albums (AId, Title, Year, Label, Type) values (4, 'Rockland', 2015, 'Propeller Recordings', 'Studio');

/* these are to populate the TABLE Songs*/
	insert into Songs (SongId, Title) values (1, 'Overture');
	insert into Songs (SongId, Title) values (2, 'A Bar In Amsterdam');
	insert into Songs (SongId, Title) values (3, 'Demon Kitty Rag');
	insert into Songs (SongId, Title) values (4, 'Tea With Cinnamon');
	insert into Songs (SongId, Title) values (5, 'Hey Ho on the Devil''s Back');
	insert into Songs (SongId, Title) values (6, 'Wading in Deeper');
	insert into Songs (SongId, Title) values (7, 'Le Pop');
	insert into Songs (SongId, Title) values (8, 'Der Kapitan');
	insert into Songs (SongId, Title) values (9, 'Virginia Clemm');
	insert into Songs (SongId, Title) values (10, 'Play My Darling');
	insert into Songs (SongId, Title) values (11, 'To the Sea');
	insert into Songs (SongId, Title) values (12, 'Mother Superior');
	insert into Songs (SongId, Title) values (13, 'Ain''t no Thang');
	insert into Songs (SongId, Title) values (14, 'A Kiss Before You Go');
	insert into Songs (SongId, Title) values (15, 'I Will Dance (When I Walk Away)');
	insert into Songs (SongId, Title) values (16, 'Cherry Pie');
	insert into Songs (SongId, Title) values (17, 'Land of Confusion');
	insert into Songs (SongId, Title) values (18, 'Lady Marlene');
	insert into Songs (SongId, Title) values (19, 'Rock-Paper-Scissors');
	insert into Songs (SongId, Title) values (20, 'Cocktails and Ruby Slippers');
	insert into Songs (SongId, Title) values (21, 'Soviet Trumpeter');
	insert into Songs (SongId, Title) values (22, 'Loathsome M');
	insert into Songs (SongId, Title) values (23, 'Shepherds Song');
	insert into Songs (SongId, Title) values (24, 'Gypsy Flee');
	insert into Songs (SongId, Title) values (25, 'God''s Great Dust Storm');
	insert into Songs (SongId, Title) values (26, 'Ouch');
	insert into Songs (SongId, Title) values (27, 'Listening to the World');
	insert into Songs (SongId, Title) values (28, 'Johnny Blowtorch');
	insert into Songs (SongId, Title) values (29, 'Flash');
	insert into Songs (SongId, Title) values (30, 'Driving After You');
	insert into Songs (SongId, Title) values (31, 'My Own Tune');
	insert into Songs (SongId, Title) values (32, 'Badlands');
	insert into Songs (SongId, Title) values (33, 'Old De Spain');
	insert into Songs (SongId, Title) values (34, 'Oh My God');
	insert into Songs (SongId, Title) values (35, 'Lady Gray');
	insert into Songs (SongId, Title) values (36, 'Shine Like Neon Rays');
	insert into Songs (SongId, Title) values (37, 'Flash in the Dark');
	insert into Songs (SongId, Title) values (38, 'My Dear');
	insert into Songs (SongId, Title) values (39, 'Bad Girl');
	insert into Songs (SongId, Title) values (40, 'Rockland');
	insert into Songs (SongId, Title) values (41, 'Curvaceous Needs');
	insert into Songs (SongId, Title) values (42, 'Borka');
	insert into Songs (SongId, Title) values (43, 'Let it Snow');

/* these are to populate the TABLE Band*/
	insert into Band (Id, FirstName, LastName) values (1, 'Solveig', 'Heilo');
	insert into Band (Id, FirstName, LastName) values (2, 'Marianne', 'Sveen');
	insert into Band (Id, FirstName, LastName) values (3, 'Anne-Marit', 'Bergheim');
	insert into Band (Id, FirstName, LastName) values (4, 'Turid', 'Jorgensen');

/* these are to populate the TABLE Instruments*/
	insert into Instruments (SongId, BandmateId, Instrument) values (1, 1, 'trumpet');
	insert into Instruments (SongId, BandmateId, Instrument) values (1, 2, 'keyboard');
	insert into Instruments (SongId, BandmateId, Instrument) values (1, 3, 'accordion');
	insert into Instruments (SongId, BandmateId, Instrument) values (1, 4, 'bass balalaika');
	insert into Instruments (SongId, BandmateId, Instrument) values (2, 1, 'trumpet');
	insert into Instruments (SongId, BandmateId, Instrument) values (2, 2, 'drums');
	insert into Instruments (SongId, BandmateId, Instrument) values (2, 3, 'guitar');
	insert into Instruments (SongId, BandmateId, Instrument) values (2, 4, 'bass balalaika');
	insert into Instruments (SongId, BandmateId, Instrument) values (3, 1, 'drums');
	insert into Instruments (SongId, BandmateId, Instrument) values (3, 1, 'ukalele');
	insert into Instruments (SongId, BandmateId, Instrument) values (3, 2, 'banjo');
	insert into Instruments (SongId, BandmateId, Instrument) values (3, 3, 'bass balalaika');
	insert into Instruments (SongId, BandmateId, Instrument) values (3, 4, 'keyboards');
	insert into Instruments (SongId, BandmateId, Instrument) values (4, 1, 'drums');
	insert into Instruments (SongId, BandmateId, Instrument) values (4, 2, 'ukalele');
	insert into Instruments (SongId, BandmateId, Instrument) values (4, 3, 'accordion');
	insert into Instruments (SongId, BandmateId, Instrument) values (4, 4, 'bass balalaika');
	insert into Instruments (SongId, BandmateId, Instrument) values (5, 1, 'drums');
	insert into Instruments (SongId, BandmateId, Instrument) values (5, 2, 'keyboards');
	insert into Instruments (SongId, BandmateId, Instrument) values (5, 3, 'guitar');
	insert into Instruments (SongId, BandmateId, Instrument) values (5, 4, 'bass balalaika');
	insert into Instruments (SongId, BandmateId, Instrument) values (6, 1, 'xylophone');
	insert into Instruments (SongId, BandmateId, Instrument) values (6, 2, 'guitar');
	insert into Instruments (SongId, BandmateId, Instrument) values (6, 3, 'keyboards');
	insert into Instruments (SongId, BandmateId, Instrument) values (6, 4, 'mandolin');
	insert into Instruments (SongId, BandmateId, Instrument) values (7, 1, 'drums');
	insert into Instruments (SongId, BandmateId, Instrument) values (7, 2, 'keyboards');
	insert into Instruments (SongId, BandmateId, Instrument) values (7, 3, 'guitar');
	insert into Instruments (SongId, BandmateId, Instrument) values (7, 4, 'bass balalaika');
	insert into Instruments (SongId, BandmateId, Instrument) values (8, 1, 'trumpet');
	insert into Instruments (SongId, BandmateId, Instrument) values (8, 1, 'drums');
	insert into Instruments (SongId, BandmateId, Instrument) values (8, 2, 'keyboards');
	insert into Instruments (SongId, BandmateId, Instrument) values (8, 3, 'accordion');
	insert into Instruments (SongId, BandmateId, Instrument) values (8, 4, 'bass balalaika');
	insert into Instruments (SongId, BandmateId, Instrument) values (9, 1, 'xylophone');
	insert into Instruments (SongId, BandmateId, Instrument) values (9, 2, 'keyboards');
	insert into Instruments (SongId, BandmateId, Instrument) values (9, 3, 'bass balalaika');
	insert into Instruments (SongId, BandmateId, Instrument) values (9, 4, 'accordion');
	insert into Instruments (SongId, BandmateId, Instrument) values (10, 1, 'guitar');
	insert into Instruments (SongId, BandmateId, Instrument) values (10, 1, 'harmonica');
	insert into Instruments (SongId, BandmateId, Instrument) values (10, 2, 'bass balalaika');
	insert into Instruments (SongId, BandmateId, Instrument) values (10, 3, 'mandolin');
	insert into Instruments (SongId, BandmateId, Instrument) values (10, 4, 'banjo');
	insert into Instruments (SongId, BandmateId, Instrument) values (11, 1, 'bass balalaika');
	insert into Instruments (SongId, BandmateId, Instrument) values (11, 2, 'keyboards');
	insert into Instruments (SongId, BandmateId, Instrument) values (11, 3, 'accordion');
	insert into Instruments (SongId, BandmateId, Instrument) values (11, 4, 'drums');
	insert into Instruments (SongId, BandmateId, Instrument) values (12, 1, 'bass balalaika');
	insert into Instruments (SongId, BandmateId, Instrument) values (12, 2, 'accordion');
	insert into Instruments (SongId, BandmateId, Instrument) values (12, 3, 'keyboards');
	insert into Instruments (SongId, BandmateId, Instrument) values (12, 4, 'mandolin');
	insert into Instruments (SongId, BandmateId, Instrument) values (13, 1, 'drums');
	insert into Instruments (SongId, BandmateId, Instrument) values (13, 2, 'guitar');
	insert into Instruments (SongId, BandmateId, Instrument) values (13, 2, 'plastic kazoo');
	insert into Instruments (SongId, BandmateId, Instrument) values (13, 3, 'mandolin');
	insert into Instruments (SongId, BandmateId, Instrument) values (13, 4, 'bass balalaika');
	insert into Instruments (SongId, BandmateId, Instrument) values (14, 1, 'drums');
	insert into Instruments (SongId, BandmateId, Instrument) values (14, 2, 'keyboards');
	insert into Instruments (SongId, BandmateId, Instrument) values (14, 3, 'keyboards');
	insert into Instruments (SongId, BandmateId, Instrument) values (14, 4, 'accordion');
	insert into Instruments (SongId, BandmateId, Instrument) values (15, 1, 'guitar');
	insert into Instruments (SongId, BandmateId, Instrument) values (15, 2, 'bass balalaika');
	insert into Instruments (SongId, BandmateId, Instrument) values (15, 3, 'xylophone');
	insert into Instruments (SongId, BandmateId, Instrument) values (15, 3, 'accordion');
	insert into Instruments (SongId, BandmateId, Instrument) values (15, 3, 'harmonica');
	insert into Instruments (SongId, BandmateId, Instrument) values (15, 4, 'mandolin');
	insert into Instruments (SongId, BandmateId, Instrument) values (15, 4, 'drums');
	insert into Instruments (SongId, BandmateId, Instrument) values (16, 1, 'washboard');
	insert into Instruments (SongId, BandmateId, Instrument) values (16, 2, 'ukalele');
	insert into Instruments (SongId, BandmateId, Instrument) values (16, 3, 'banjo');
	insert into Instruments (SongId, BandmateId, Instrument) values (16, 4, 'bass balalaika');
	insert into Instruments (SongId, BandmateId, Instrument) values (17, 1, 'drums');
	insert into Instruments (SongId, BandmateId, Instrument) values (17, 2, 'guitar');
	insert into Instruments (SongId, BandmateId, Instrument) values (17, 3, 'keyboards');
	insert into Instruments (SongId, BandmateId, Instrument) values (17, 4, 'bass balalaika');
	insert into Instruments (SongId, BandmateId, Instrument) values (18, 1, 'keyboards');
	insert into Instruments (SongId, BandmateId, Instrument) values (18, 2, 'banjo');
	insert into Instruments (SongId, BandmateId, Instrument) values (18, 3, 'keyboards');
	insert into Instruments (SongId, BandmateId, Instrument) values (18, 4, 'xylophone');
	insert into Instruments (SongId, BandmateId, Instrument) values (19, 1, 'banjo');
	insert into Instruments (SongId, BandmateId, Instrument) values (19, 2, 'bass balalaika');
	insert into Instruments (SongId, BandmateId, Instrument) values (19, 3, 'mandolin');
	insert into Instruments (SongId, BandmateId, Instrument) values (19, 4, 'drums');
	insert into Instruments (SongId, BandmateId, Instrument) values (19, 4, 'accordion');
	insert into Instruments (SongId, BandmateId, Instrument) values (20, 1, 'keyboards');
	insert into Instruments (SongId, BandmateId, Instrument) values (20, 2, 'drums');
	insert into Instruments (SongId, BandmateId, Instrument) values (20, 3, 'guitar');
	insert into Instruments (SongId, BandmateId, Instrument) values (20, 4, 'bass balalaika');
	insert into Instruments (SongId, BandmateId, Instrument) values (21, 1, 'trumpet');
	insert into Instruments (SongId, BandmateId, Instrument) values (21, 1, 'keyboards');
	insert into Instruments (SongId, BandmateId, Instrument) values (21, 2, 'keyboards');
	insert into Instruments (SongId, BandmateId, Instrument) values (21, 3, 'banjo');
	insert into Instruments (SongId, BandmateId, Instrument) values (21, 4, 'xylophone');
	insert into Instruments (SongId, BandmateId, Instrument) values (21, 4, 'mandoline');
	insert into Instruments (SongId, BandmateId, Instrument) values (22, 1, 'guitar');
	insert into Instruments (SongId, BandmateId, Instrument) values (22, 2, 'drums');
	insert into Instruments (SongId, BandmateId, Instrument) values (22, 3, 'banjo');
	insert into Instruments (SongId, BandmateId, Instrument) values (22, 4, 'bass balalaika');
	insert into Instruments (SongId, BandmateId, Instrument) values (23, 1, 'domra');
	insert into Instruments (SongId, BandmateId, Instrument) values (23, 2, 'ukalele');
	insert into Instruments (SongId, BandmateId, Instrument) values (23, 3, 'mandolin');
	insert into Instruments (SongId, BandmateId, Instrument) values (23, 4, 'bass balalaika');
	insert into Instruments (SongId, BandmateId, Instrument) values (24, 1, 'drums');
	insert into Instruments (SongId, BandmateId, Instrument) values (24, 2, 'guitar');
	insert into Instruments (SongId, BandmateId, Instrument) values (24, 3, 'keyboards');
	insert into Instruments (SongId, BandmateId, Instrument) values (24, 4, 'bass balalaika');
	insert into Instruments (SongId, BandmateId, Instrument) values (25, 1, 'drums');
	insert into Instruments (SongId, BandmateId, Instrument) values (26, 1, 'drums');
	insert into Instruments (SongId, BandmateId, Instrument) values (26, 2, 'guitar');
	insert into Instruments (SongId, BandmateId, Instrument) values (26, 3, 'banjo');
	insert into Instruments (SongId, BandmateId, Instrument) values (26, 4, 'bass balalaika');
	insert into Instruments (SongId, BandmateId, Instrument) values (27, 1, 'drums');
	insert into Instruments (SongId, BandmateId, Instrument) values (27, 2, 'guitar');
	insert into Instruments (SongId, BandmateId, Instrument) values (27, 3, 'banjo');
	insert into Instruments (SongId, BandmateId, Instrument) values (27, 4, 'bass balalaika');
	insert into Instruments (SongId, BandmateId, Instrument) values (28, 1, 'drums');
	insert into Instruments (SongId, BandmateId, Instrument) values (28, 2, 'bass balalaika');
	insert into Instruments (SongId, BandmateId, Instrument) values (28, 3, 'guitar');
	insert into Instruments (SongId, BandmateId, Instrument) values (28, 4, 'mandolin');
	insert into Instruments (SongId, BandmateId, Instrument) values (29, 1, 'drums');
	insert into Instruments (SongId, BandmateId, Instrument) values (29, 2, 'keyboards');
	insert into Instruments (SongId, BandmateId, Instrument) values (29, 3, 'guitar');
	insert into Instruments (SongId, BandmateId, Instrument) values (29, 4, 'bass balalaika');
	insert into Instruments (SongId, BandmateId, Instrument) values (30, 1, 'drums');
	insert into Instruments (SongId, BandmateId, Instrument) values (30, 2, 'keyboards');
	insert into Instruments (SongId, BandmateId, Instrument) values (30, 3, 'guitar');
	insert into Instruments (SongId, BandmateId, Instrument) values (30, 4, 'bass balalaika');
	insert into Instruments (SongId, BandmateId, Instrument) values (31, 1, 'drums');
	insert into Instruments (SongId, BandmateId, Instrument) values (31, 2, 'guitar');
	insert into Instruments (SongId, BandmateId, Instrument) values (31, 2, 'toy piano');
	insert into Instruments (SongId, BandmateId, Instrument) values (31, 3, 'ukalele');
	insert into Instruments (SongId, BandmateId, Instrument) values (31, 4, 'bass balalaika');
	insert into Instruments (SongId, BandmateId, Instrument) values (32, 1, 'guitar');
	insert into Instruments (SongId, BandmateId, Instrument) values (32, 2, 'banjo');
	insert into Instruments (SongId, BandmateId, Instrument) values (32, 3, 'drums');
	insert into Instruments (SongId, BandmateId, Instrument) values (32, 4, 'bass balalaika');
	insert into Instruments (SongId, BandmateId, Instrument) values (33, 1, 'ukalele');
	insert into Instruments (SongId, BandmateId, Instrument) values (33, 2, 'guitar');
	insert into Instruments (SongId, BandmateId, Instrument) values (33, 3, 'banjo');
	insert into Instruments (SongId, BandmateId, Instrument) values (33, 4, 'bass balalaika');
	insert into Instruments (SongId, BandmateId, Instrument) values (34, 1, 'ukalele');
	insert into Instruments (SongId, BandmateId, Instrument) values (34, 2, 'drums');
	insert into Instruments (SongId, BandmateId, Instrument) values (34, 3, 'accordion');
	insert into Instruments (SongId, BandmateId, Instrument) values (34, 4, 'bass');
	insert into Instruments (SongId, BandmateId, Instrument) values (35, 1, 'ukalele');
	insert into Instruments (SongId, BandmateId, Instrument) values (35, 2, 'guitar');
	insert into Instruments (SongId, BandmateId, Instrument) values (35, 3, 'mandolin');
	insert into Instruments (SongId, BandmateId, Instrument) values (35, 4, 'bass');
	insert into Instruments (SongId, BandmateId, Instrument) values (36, 1, 'toy piano');
	insert into Instruments (SongId, BandmateId, Instrument) values (36, 1, 'ukalele');
	insert into Instruments (SongId, BandmateId, Instrument) values (36, 2, 'drums');
	insert into Instruments (SongId, BandmateId, Instrument) values (36, 3, 'guitar');
	insert into Instruments (SongId, BandmateId, Instrument) values (36, 4, 'bass');
	insert into Instruments (SongId, BandmateId, Instrument) values (37, 1, 'drums');
	insert into Instruments (SongId, BandmateId, Instrument) values (37, 2, 'keyboards');
	insert into Instruments (SongId, BandmateId, Instrument) values (37, 3, 'guitar');
	insert into Instruments (SongId, BandmateId, Instrument) values (37, 4, 'bass');
	insert into Instruments (SongId, BandmateId, Instrument) values (38, 1, 'drums');
	insert into Instruments (SongId, BandmateId, Instrument) values (38, 2, 'bass');
	insert into Instruments (SongId, BandmateId, Instrument) values (38, 3, 'guitar');
	insert into Instruments (SongId, BandmateId, Instrument) values (38, 4, 'guitar');
	insert into Instruments (SongId, BandmateId, Instrument) values (39, 1, 'ukalele');
	insert into Instruments (SongId, BandmateId, Instrument) values (39, 2, 'bass');
	insert into Instruments (SongId, BandmateId, Instrument) values (39, 3, 'dobro');
	insert into Instruments (SongId, BandmateId, Instrument) values (39, 4, 'drums');
	insert into Instruments (SongId, BandmateId, Instrument) values (39, 4, 'banjo');
	insert into Instruments (SongId, BandmateId, Instrument) values (40, 1, 'guitar');
	insert into Instruments (SongId, BandmateId, Instrument) values (40, 2, 'bass');
	insert into Instruments (SongId, BandmateId, Instrument) values (40, 3, 'small guitar');
	insert into Instruments (SongId, BandmateId, Instrument) values (40, 4, 'accordion');
	insert into Instruments (SongId, BandmateId, Instrument) values (41, 1, 'drums');
	insert into Instruments (SongId, BandmateId, Instrument) values (41, 2, 'guitar');
	insert into Instruments (SongId, BandmateId, Instrument) values (41, 3, 'banjo');
	insert into Instruments (SongId, BandmateId, Instrument) values (41, 4, 'bass balalaika');
	insert into Instruments (SongId, BandmateId, Instrument) values (43, 1, 'washboard');
	insert into Instruments (SongId, BandmateId, Instrument) values (43, 2, 'ukalele');
	insert into Instruments (SongId, BandmateId, Instrument) values (43, 2, 'kazoo');
	insert into Instruments (SongId, BandmateId, Instrument) values (43, 3, 'banjo');
	insert into Instruments (SongId, BandmateId, Instrument) values (43, 4, 'bass balalaika');

/* these are to populate the TABLE Performance*/
	insert into Performance (SongId, BandmateId, StagePosition) values (1, 1, 'back');
	insert into Performance (SongId, BandmateId, StagePosition) values (1, 2, 'left');
	insert into Performance (SongId, BandmateId, StagePosition) values (1, 3, 'center');
	insert into Performance (SongId, BandmateId, StagePosition) values (1, 4, 'right');
	insert into Performance (SongId, BandmateId, StagePosition) values (2, 1, 'center');
	insert into Performance (SongId, BandmateId, StagePosition) values (2, 2, 'back');
	insert into Performance (SongId, BandmateId, StagePosition) values (2, 3, 'left');
	insert into Performance (SongId, BandmateId, StagePosition) values (2, 4, 'right');
	insert into Performance (SongId, BandmateId, StagePosition) values (3, 1, 'back');
	insert into Performance (SongId, BandmateId, StagePosition) values (3, 2, 'right');
	insert into Performance (SongId, BandmateId, StagePosition) values (3, 3, 'center');
	insert into Performance (SongId, BandmateId, StagePosition) values (3, 4, 'left');
	insert into Performance (SongId, BandmateId, StagePosition) values (4, 1, 'back');
	insert into Performance (SongId, BandmateId, StagePosition) values (4, 2, 'center');
	insert into Performance (SongId, BandmateId, StagePosition) values (4, 3, 'left');
	insert into Performance (SongId, BandmateId, StagePosition) values (4, 4, 'right');
	insert into Performance (SongId, BandmateId, StagePosition) values (5, 1, 'back');
	insert into Performance (SongId, BandmateId, StagePosition) values (5, 2, 'left');
	insert into Performance (SongId, BandmateId, StagePosition) values (5, 3, 'center');
	insert into Performance (SongId, BandmateId, StagePosition) values (5, 4, 'right');
	insert into Performance (SongId, BandmateId, StagePosition) values (6, 1, 'center');
	insert into Performance (SongId, BandmateId, StagePosition) values (6, 2, 'center');
	insert into Performance (SongId, BandmateId, StagePosition) values (6, 3, 'left');
	insert into Performance (SongId, BandmateId, StagePosition) values (6, 4, 'right');
	insert into Performance (SongId, BandmateId, StagePosition) values (7, 1, 'back');
	insert into Performance (SongId, BandmateId, StagePosition) values (7, 2, 'left');
	insert into Performance (SongId, BandmateId, StagePosition) values (7, 3, 'center');
	insert into Performance (SongId, BandmateId, StagePosition) values (7, 4, 'right');
	insert into Performance (SongId, BandmateId, StagePosition) values (8, 1, 'back');
	insert into Performance (SongId, BandmateId, StagePosition) values (8, 2, 'left');
	insert into Performance (SongId, BandmateId, StagePosition) values (8, 3, 'center');
	insert into Performance (SongId, BandmateId, StagePosition) values (8, 4, 'right');
	insert into Performance (SongId, BandmateId, StagePosition) values (9, 1, 'center');
	insert into Performance (SongId, BandmateId, StagePosition) values (9, 2, 'left');
	insert into Performance (SongId, BandmateId, StagePosition) values (9, 3, 'right');
	insert into Performance (SongId, BandmateId, StagePosition) values (9, 4, 'left');
	insert into Performance (SongId, BandmateId, StagePosition) values (10, 1, 'center');
	insert into Performance (SongId, BandmateId, StagePosition) values (10, 2, 'center');
	insert into Performance (SongId, BandmateId, StagePosition) values (10, 3, 'center');
	insert into Performance (SongId, BandmateId, StagePosition) values (10, 4, 'center');
	insert into Performance (SongId, BandmateId, StagePosition) values (11, 1, 'right');
	insert into Performance (SongId, BandmateId, StagePosition) values (11, 2, 'left');
	insert into Performance (SongId, BandmateId, StagePosition) values (11, 3, 'center');
	insert into Performance (SongId, BandmateId, StagePosition) values (11, 4, 'back');
	insert into Performance (SongId, BandmateId, StagePosition) values (12, 1, 'right');
	insert into Performance (SongId, BandmateId, StagePosition) values (12, 2, 'center');
	insert into Performance (SongId, BandmateId, StagePosition) values (12, 3, 'left');
	insert into Performance (SongId, BandmateId, StagePosition) values (12, 4, 'center');
	insert into Performance (SongId, BandmateId, StagePosition) values (13, 1, 'back');
	insert into Performance (SongId, BandmateId, StagePosition) values (13, 2, 'center');
	insert into Performance (SongId, BandmateId, StagePosition) values (13, 3, 'left');
	insert into Performance (SongId, BandmateId, StagePosition) values (13, 4, 'right');
	insert into Performance (SongId, BandmateId, StagePosition) values (14, 1, 'back');
	insert into Performance (SongId, BandmateId, StagePosition) values (14, 2, 'left');
	insert into Performance (SongId, BandmateId, StagePosition) values (14, 3, 'left');
	insert into Performance (SongId, BandmateId, StagePosition) values (14, 4, 'center');
	insert into Performance (SongId, BandmateId, StagePosition) values (15, 1, 'center');
	insert into Performance (SongId, BandmateId, StagePosition) values (15, 2, 'right');
	insert into Performance (SongId, BandmateId, StagePosition) values (15, 3, 'left');
	insert into Performance (SongId, BandmateId, StagePosition) values (15, 4, 'back');
	insert into Performance (SongId, BandmateId, StagePosition) values (16, 1, 'center');
	insert into Performance (SongId, BandmateId, StagePosition) values (16, 2, 'center');
	insert into Performance (SongId, BandmateId, StagePosition) values (16, 3, 'left');
	insert into Performance (SongId, BandmateId, StagePosition) values (16, 4, 'right');
	insert into Performance (SongId, BandmateId, StagePosition) values (17, 1, 'back');
	insert into Performance (SongId, BandmateId, StagePosition) values (17, 2, 'center');
	insert into Performance (SongId, BandmateId, StagePosition) values (17, 3, 'left');
	insert into Performance (SongId, BandmateId, StagePosition) values (17, 4, 'right');
	insert into Performance (SongId, BandmateId, StagePosition) values (18, 1, 'left');
	insert into Performance (SongId, BandmateId, StagePosition) values (18, 2, 'right');
	insert into Performance (SongId, BandmateId, StagePosition) values (18, 3, 'left');
	insert into Performance (SongId, BandmateId, StagePosition) values (18, 4, 'center');
	insert into Performance (SongId, BandmateId, StagePosition) values (19, 1, 'center');
	insert into Performance (SongId, BandmateId, StagePosition) values (19, 2, 'right');
	insert into Performance (SongId, BandmateId, StagePosition) values (19, 3, 'left');
	insert into Performance (SongId, BandmateId, StagePosition) values (19, 4, 'back');
	insert into Performance (SongId, BandmateId, StagePosition) values (20, 1, 'left');
	insert into Performance (SongId, BandmateId, StagePosition) values (20, 2, 'back');
	insert into Performance (SongId, BandmateId, StagePosition) values (20, 3, 'center');
	insert into Performance (SongId, BandmateId, StagePosition) values (20, 4, 'right');
	insert into Performance (SongId, BandmateId, StagePosition) values (21, 1, 'left');
	insert into Performance (SongId, BandmateId, StagePosition) values (21, 2, 'left');
	insert into Performance (SongId, BandmateId, StagePosition) values (21, 3, 'left');
	insert into Performance (SongId, BandmateId, StagePosition) values (21, 4, 'center');
	insert into Performance (SongId, BandmateId, StagePosition) values (22, 1, 'left');
	insert into Performance (SongId, BandmateId, StagePosition) values (22, 2, 'back');
	insert into Performance (SongId, BandmateId, StagePosition) values (22, 3, 'center');
	insert into Performance (SongId, BandmateId, StagePosition) values (22, 4, 'right');
	insert into Performance (SongId, BandmateId, StagePosition) values (23, 1, 'center');
	insert into Performance (SongId, BandmateId, StagePosition) values (23, 2, 'center');
	insert into Performance (SongId, BandmateId, StagePosition) values (23, 3, 'center');
	insert into Performance (SongId, BandmateId, StagePosition) values (23, 4, 'center');
	insert into Performance (SongId, BandmateId, StagePosition) values (24, 1, 'back');
	insert into Performance (SongId, BandmateId, StagePosition) values (24, 2, 'center');
	insert into Performance (SongId, BandmateId, StagePosition) values (24, 3, 'left');
	insert into Performance (SongId, BandmateId, StagePosition) values (24, 4, 'right');
	insert into Performance (SongId, BandmateId, StagePosition) values (25, 1, 'back');
	insert into Performance (SongId, BandmateId, StagePosition) values (25, 2, 'center');
	insert into Performance (SongId, BandmateId, StagePosition) values (25, 3, 'left');
	insert into Performance (SongId, BandmateId, StagePosition) values (25, 4, 'right');
	insert into Performance (SongId, BandmateId, StagePosition) values (26, 1, 'back');
	insert into Performance (SongId, BandmateId, StagePosition) values (26, 2, 'center');
	insert into Performance (SongId, BandmateId, StagePosition) values (26, 3, 'left');
	insert into Performance (SongId, BandmateId, StagePosition) values (26, 4, 'right');
	insert into Performance (SongId, BandmateId, StagePosition) values (27, 1, 'back');
	insert into Performance (SongId, BandmateId, StagePosition) values (27, 2, 'center');
	insert into Performance (SongId, BandmateId, StagePosition) values (27, 3, 'left');
	insert into Performance (SongId, BandmateId, StagePosition) values (27, 4, 'right');
	insert into Performance (SongId, BandmateId, StagePosition) values (28, 1, 'back');
	insert into Performance (SongId, BandmateId, StagePosition) values (28, 2, 'right');
	insert into Performance (SongId, BandmateId, StagePosition) values (28, 3, 'left');
	insert into Performance (SongId, BandmateId, StagePosition) values (28, 4, 'center');
	insert into Performance (SongId, BandmateId, StagePosition) values (29, 1, 'back');
	insert into Performance (SongId, BandmateId, StagePosition) values (29, 2, 'left');
	insert into Performance (SongId, BandmateId, StagePosition) values (29, 3, 'center');
	insert into Performance (SongId, BandmateId, StagePosition) values (29, 4, 'right');
	insert into Performance (SongId, BandmateId, StagePosition) values (30, 1, 'back');
	insert into Performance (SongId, BandmateId, StagePosition) values (30, 2, 'left');
	insert into Performance (SongId, BandmateId, StagePosition) values (30, 3, 'center');
	insert into Performance (SongId, BandmateId, StagePosition) values (30, 4, 'right');
	insert into Performance (SongId, BandmateId, StagePosition) values (31, 1, 'back');
	insert into Performance (SongId, BandmateId, StagePosition) values (31, 2, 'center');
	insert into Performance (SongId, BandmateId, StagePosition) values (31, 3, 'left');
	insert into Performance (SongId, BandmateId, StagePosition) values (31, 4, 'right');
	insert into Performance (SongId, BandmateId, StagePosition) values (32, 1, 'center');
	insert into Performance (SongId, BandmateId, StagePosition) values (32, 2, 'left');
	insert into Performance (SongId, BandmateId, StagePosition) values (32, 3, 'back');
	insert into Performance (SongId, BandmateId, StagePosition) values (32, 4, 'right');
	insert into Performance (SongId, BandmateId, StagePosition) values (33, 1, 'center');
	insert into Performance (SongId, BandmateId, StagePosition) values (33, 2, 'left');
	insert into Performance (SongId, BandmateId, StagePosition) values (33, 3, 'center');
	insert into Performance (SongId, BandmateId, StagePosition) values (33, 4, 'right');
	insert into Performance (SongId, BandmateId, StagePosition) values (34, 1, 'center');
	insert into Performance (SongId, BandmateId, StagePosition) values (34, 2, 'back');
	insert into Performance (SongId, BandmateId, StagePosition) values (34, 3, 'left');
	insert into Performance (SongId, BandmateId, StagePosition) values (34, 4, 'right');
	insert into Performance (SongId, BandmateId, StagePosition) values (35, 1, 'center');
	insert into Performance (SongId, BandmateId, StagePosition) values (35, 2, 'center');
	insert into Performance (SongId, BandmateId, StagePosition) values (35, 3, 'left');
	insert into Performance (SongId, BandmateId, StagePosition) values (35, 4, 'right');
	insert into Performance (SongId, BandmateId, StagePosition) values (36, 1, 'center');
	insert into Performance (SongId, BandmateId, StagePosition) values (36, 2, 'back');
	insert into Performance (SongId, BandmateId, StagePosition) values (36, 3, 'left');
	insert into Performance (SongId, BandmateId, StagePosition) values (36, 4, 'right');
	insert into Performance (SongId, BandmateId, StagePosition) values (37, 1, 'back');
	insert into Performance (SongId, BandmateId, StagePosition) values (37, 2, 'left');
	insert into Performance (SongId, BandmateId, StagePosition) values (37, 3, 'center');
	insert into Performance (SongId, BandmateId, StagePosition) values (37, 4, 'right');
	insert into Performance (SongId, BandmateId, StagePosition) values (38, 1, 'back');
	insert into Performance (SongId, BandmateId, StagePosition) values (38, 2, 'right');
	insert into Performance (SongId, BandmateId, StagePosition) values (38, 3, 'left');
	insert into Performance (SongId, BandmateId, StagePosition) values (38, 4, 'center');
	insert into Performance (SongId, BandmateId, StagePosition) values (39, 1, 'left');
	insert into Performance (SongId, BandmateId, StagePosition) values (39, 2, 'right');
	insert into Performance (SongId, BandmateId, StagePosition) values (39, 3, 'center');
	insert into Performance (SongId, BandmateId, StagePosition) values (39, 4, 'back');
	insert into Performance (SongId, BandmateId, StagePosition) values (40, 1, 'center');
	insert into Performance (SongId, BandmateId, StagePosition) values (40, 2, 'right');
	insert into Performance (SongId, BandmateId, StagePosition) values (40, 3, 'center');
	insert into Performance (SongId, BandmateId, StagePosition) values (40, 4, 'left');
	insert into Performance (SongId, BandmateId, StagePosition) values (41, 1, 'back');
	insert into Performance (SongId, BandmateId, StagePosition) values (41, 2, 'center');
	insert into Performance (SongId, BandmateId, StagePosition) values (41, 3, 'left');
	insert into Performance (SongId, BandmateId, StagePosition) values (41, 4, 'right');
	insert into Performance (SongId, BandmateId, StagePosition) values (42, 1, 'center');
	insert into Performance (SongId, BandmateId, StagePosition) values (42, 2, 'right');
	insert into Performance (SongId, BandmateId, StagePosition) values (42, 3, 'left');
	insert into Performance (SongId, BandmateId, StagePosition) values (42, 4, 'back');
	insert into Performance (SongId, BandmateId, StagePosition) values (43, 1, 'center');
	insert into Performance (SongId, BandmateId, StagePosition) values (43, 2, 'center');
	insert into Performance (SongId, BandmateId, StagePosition) values (43, 3, 'left');
	insert into Performance (SongId, BandmateId, StagePosition) values (43, 4, 'right');

/* these are to populate the TABLE Tracklist*/
	insert into Tracklists (AlbumId, Position, SongId) values (1, 1, 1);
	insert into Tracklists (AlbumId, Position, SongId) values (1, 2, 2);
	insert into Tracklists (AlbumId, Position, SongId) values (1, 3, 3);
	insert into Tracklists (AlbumId, Position, SongId) values (1, 4, 4);
	insert into Tracklists (AlbumId, Position, SongId) values (1, 5, 5);
	insert into Tracklists (AlbumId, Position, SongId) values (1, 6, 6);
	insert into Tracklists (AlbumId, Position, SongId) values (1, 7, 7);
	insert into Tracklists (AlbumId, Position, SongId) values (1, 8, 8);
	insert into Tracklists (AlbumId, Position, SongId) values (1, 9, 9);
	insert into Tracklists (AlbumId, Position, SongId) values (1, 10, 10);
	insert into Tracklists (AlbumId, Position, SongId) values (1, 11, 11);
	insert into Tracklists (AlbumId, Position, SongId) values (1, 12, 12);
	insert into Tracklists (AlbumId, Position, SongId) values (1, 13, 13);
	insert into Tracklists (AlbumId, Position, SongId) values (2, 1, 14);
	insert into Tracklists (AlbumId, Position, SongId) values (2, 2, 15);
	insert into Tracklists (AlbumId, Position, SongId) values (2, 3, 16);
	insert into Tracklists (AlbumId, Position, SongId) values (2, 4, 17);
	insert into Tracklists (AlbumId, Position, SongId) values (2, 5, 18);
	insert into Tracklists (AlbumId, Position, SongId) values (2, 6, 19);
	insert into Tracklists (AlbumId, Position, SongId) values (2, 7, 20);
	insert into Tracklists (AlbumId, Position, SongId) values (2, 8, 21);
	insert into Tracklists (AlbumId, Position, SongId) values (2, 9, 22);
	insert into Tracklists (AlbumId, Position, SongId) values (2, 10, 23);
	insert into Tracklists (AlbumId, Position, SongId) values (2, 11, 24);
	insert into Tracklists (AlbumId, Position, SongId) values (2, 12, 25);
	insert into Tracklists (AlbumId, Position, SongId) values (3, 1, 14);
	insert into Tracklists (AlbumId, Position, SongId) values (3, 2, 26);
	insert into Tracklists (AlbumId, Position, SongId) values (3, 3, 3);
	insert into Tracklists (AlbumId, Position, SongId) values (3, 4, 15);
	insert into Tracklists (AlbumId, Position, SongId) values (3, 5, 11);
	insert into Tracklists (AlbumId, Position, SongId) values (3, 6, 19);
	insert into Tracklists (AlbumId, Position, SongId) values (3, 7, 18);
	insert into Tracklists (AlbumId, Position, SongId) values (3, 8, 16);
	insert into Tracklists (AlbumId, Position, SongId) values (3, 9, 12);
	insert into Tracklists (AlbumId, Position, SongId) values (3, 10, 17);
	insert into Tracklists (AlbumId, Position, SongId) values (3, 11, 22);
	insert into Tracklists (AlbumId, Position, SongId) values (3, 12, 20);
	insert into Tracklists (AlbumId, Position, SongId) values (3, 13, 2);
	insert into Tracklists (AlbumId, Position, SongId) values (3, 14, 5);
	insert into Tracklists (AlbumId, Position, SongId) values (3, 15, 8);
	insert into Tracklists (AlbumId, Position, SongId) values (3, 16, 7);
	insert into Tracklists (AlbumId, Position, SongId) values (3, 17, 25);
	insert into Tracklists (AlbumId, Position, SongId) values (3, 18, 13);
	insert into Tracklists (AlbumId, Position, SongId) values (3, 19, 24);
	insert into Tracklists (AlbumId, Position, SongId) values (4, 1, 33);
	insert into Tracklists (AlbumId, Position, SongId) values (4, 2, 41);
	insert into Tracklists (AlbumId, Position, SongId) values (4, 3, 34);
	insert into Tracklists (AlbumId, Position, SongId) values (4, 4, 35);
	insert into Tracklists (AlbumId, Position, SongId) values (4, 5, 31);
	insert into Tracklists (AlbumId, Position, SongId) values (4, 6, 36);
	insert into Tracklists (AlbumId, Position, SongId) values (4, 7, 30);
	insert into Tracklists (AlbumId, Position, SongId) values (4, 8, 37);
	insert into Tracklists (AlbumId, Position, SongId) values (4, 9, 38);
	insert into Tracklists (AlbumId, Position, SongId) values (4, 10, 39);
	insert into Tracklists (AlbumId, Position, SongId) values (4, 11, 40);

/* these are to populate the TABLE Vocals*/
	insert into Vocals (SongId, BandmateId, Type) values (2, 1, 'lead');
	insert into Vocals (SongId, BandmateId, Type) values (2, 3, 'chorus');
	insert into Vocals (SongId, BandmateId, Type) values (2, 4, 'chorus');
	insert into Vocals (SongId, BandmateId, Type) values (3, 2, 'lead');
	insert into Vocals (SongId, BandmateId, Type) values (4, 1, 'chorus');
	insert into Vocals (SongId, BandmateId, Type) values (4, 2, 'lead');
	insert into Vocals (SongId, BandmateId, Type) values (4, 3, 'chorus');
	insert into Vocals (SongId, BandmateId, Type) values (4, 4, 'chorus');
	insert into Vocals (SongId, BandmateId, Type) values (5, 2, 'lead');
	insert into Vocals (SongId, BandmateId, Type) values (5, 1, 'chorus');
	insert into Vocals (SongId, BandmateId, Type) values (5, 3, 'chorus');
	insert into Vocals (SongId, BandmateId, Type) values (5, 4, 'chorus');
	insert into Vocals (SongId, BandmateId, Type) values (6, 4, 'lead');
	insert into Vocals (SongId, BandmateId, Type) values (6, 1, 'lead');
	insert into Vocals (SongId, BandmateId, Type) values (7, 4, 'lead');
	insert into Vocals (SongId, BandmateId, Type) values (7, 2, 'lead');
	insert into Vocals (SongId, BandmateId, Type) values (7, 3, 'chorus');
	insert into Vocals (SongId, BandmateId, Type) values (8, 1, 'chorus');
	insert into Vocals (SongId, BandmateId, Type) values (8, 2, 'chorus');
	insert into Vocals (SongId, BandmateId, Type) values (8, 3, 'chorus');
	insert into Vocals (SongId, BandmateId, Type) values (8, 4, 'chorus');
	insert into Vocals (SongId, BandmateId, Type) values (9, 1, 'lead');
	insert into Vocals (SongId, BandmateId, Type) values (9, 3, 'chorus');
	insert into Vocals (SongId, BandmateId, Type) values (10, 3, 'lead');
	insert into Vocals (SongId, BandmateId, Type) values (10, 1, 'chorus');
	insert into Vocals (SongId, BandmateId, Type) values (10, 2, 'chorus');
	insert into Vocals (SongId, BandmateId, Type) values (11, 1, 'chorus');
	insert into Vocals (SongId, BandmateId, Type) values (11, 2, 'chorus');
	insert into Vocals (SongId, BandmateId, Type) values (11, 3, 'lead');
	insert into Vocals (SongId, BandmateId, Type) values (11, 4, 'chorus');
	insert into Vocals (SongId, BandmateId, Type) values (12, 1, 'chorus');
	insert into Vocals (SongId, BandmateId, Type) values (12, 2, 'chorus');
	insert into Vocals (SongId, BandmateId, Type) values (12, 3, 'chorus');
	insert into Vocals (SongId, BandmateId, Type) values (12, 4, 'lead');
	insert into Vocals (SongId, BandmateId, Type) values (13, 2, 'lead');
	insert into Vocals (SongId, BandmateId, Type) values (13, 1, 'chorus');
	insert into Vocals (SongId, BandmateId, Type) values (13, 3, 'chorus');
	insert into Vocals (SongId, BandmateId, Type) values (14, 4, 'lead');
	insert into Vocals (SongId, BandmateId, Type) values (15, 1, 'lead');
	insert into Vocals (SongId, BandmateId, Type) values (15, 2, 'chorus');
	insert into Vocals (SongId, BandmateId, Type) values (15, 3, 'chorus');
	insert into Vocals (SongId, BandmateId, Type) values (15, 4, 'chorus');
	insert into Vocals (SongId, BandmateId, Type) values (16, 1, 'shared');
	insert into Vocals (SongId, BandmateId, Type) values (16, 2, 'shared');
	insert into Vocals (SongId, BandmateId, Type) values (16, 3, 'chorus');
	insert into Vocals (SongId, BandmateId, Type) values (16, 4, 'chorus');
	insert into Vocals (SongId, BandmateId, Type) values (17, 2, 'lead');
	insert into Vocals (SongId, BandmateId, Type) values (18, 3, 'lead');
	insert into Vocals (SongId, BandmateId, Type) values (19, 1, 'lead');
	insert into Vocals (SongId, BandmateId, Type) values (19, 3, 'chorus');
	insert into Vocals (SongId, BandmateId, Type) values (20, 3, 'lead');
	insert into Vocals (SongId, BandmateId, Type) values (20, 4, 'chorus');
	insert into Vocals (SongId, BandmateId, Type) values (20, 1, 'chorus');
	insert into Vocals (SongId, BandmateId, Type) values (21, 1, 'lead');
	insert into Vocals (SongId, BandmateId, Type) values (21, 4, 'chorus');
	insert into Vocals (SongId, BandmateId, Type) values (22, 1, 'chorus');
	insert into Vocals (SongId, BandmateId, Type) values (22, 2, 'shared');
	insert into Vocals (SongId, BandmateId, Type) values (22, 3, 'chorus');
	insert into Vocals (SongId, BandmateId, Type) values (22, 4, 'lead');
	insert into Vocals (SongId, BandmateId, Type) values (23, 1, 'chorus');
	insert into Vocals (SongId, BandmateId, Type) values (23, 2, 'lead');
	insert into Vocals (SongId, BandmateId, Type) values (23, 3, 'chorus');
	insert into Vocals (SongId, BandmateId, Type) values (23, 4, 'chorus');
	insert into Vocals (SongId, BandmateId, Type) values (24, 1, 'chorus');
	insert into Vocals (SongId, BandmateId, Type) values (24, 2, 'chorus');
	insert into Vocals (SongId, BandmateId, Type) values (24, 3, 'chorus');
	insert into Vocals (SongId, BandmateId, Type) values (24, 4, 'chorus');
	insert into Vocals (SongId, BandmateId, Type) values (25, 1, 'chorus');
	insert into Vocals (SongId, BandmateId, Type) values (25, 2, 'lead');
	insert into Vocals (SongId, BandmateId, Type) values (25, 3, 'chorus');
	insert into Vocals (SongId, BandmateId, Type) values (25, 4, 'chorus');
	insert into Vocals (SongId, BandmateId, Type) values (26, 2, 'lead');
	insert into Vocals (SongId, BandmateId, Type) values (26, 1, 'chorus');
	insert into Vocals (SongId, BandmateId, Type) values (26, 3, 'chorus');
	insert into Vocals (SongId, BandmateId, Type) values (26, 4, 'chorus');
	insert into Vocals (SongId, BandmateId, Type) values (27, 4, 'lead');
	insert into Vocals (SongId, BandmateId, Type) values (28, 4, 'lead');
	insert into Vocals (SongId, BandmateId, Type) values (28, 3, 'chorus');
	insert into Vocals (SongId, BandmateId, Type) values (29, 3, 'lead');
	insert into Vocals (SongId, BandmateId, Type) values (29, 4, 'chorus');
	insert into Vocals (SongId, BandmateId, Type) values (30, 2, 'lead');
	insert into Vocals (SongId, BandmateId, Type) values (31, 3, 'shared');
	insert into Vocals (SongId, BandmateId, Type) values (31, 4, 'shared');
	insert into Vocals (SongId, BandmateId, Type) values (31, 4, 'rap');
	insert into Vocals (SongId, BandmateId, Type) values (32, 1, 'shared');
	insert into Vocals (SongId, BandmateId, Type) values (32, 2, 'shared');
	insert into Vocals (SongId, BandmateId, Type) values (33, 1, 'chorus');
	insert into Vocals (SongId, BandmateId, Type) values (33, 2, 'chorus');
	insert into Vocals (SongId, BandmateId, Type) values (33, 3, 'lead');
	insert into Vocals (SongId, BandmateId, Type) values (33, 4, 'chorus');
	insert into Vocals (SongId, BandmateId, Type) values (34, 1, 'shared');
	insert into Vocals (SongId, BandmateId, Type) values (34, 3, 'shared');
	insert into Vocals (SongId, BandmateId, Type) values (34, 4, 'chorus');
	insert into Vocals (SongId, BandmateId, Type) values (35, 1, 'chorus');
	insert into Vocals (SongId, BandmateId, Type) values (35, 2, 'lead');
	insert into Vocals (SongId, BandmateId, Type) values (35, 3, 'chorus');
	insert into Vocals (SongId, BandmateId, Type) values (35, 4, 'chorus');
	insert into Vocals (SongId, BandmateId, Type) values (36, 1, 'lead');
	insert into Vocals (SongId, BandmateId, Type) values (36, 3, 'chorus');
	insert into Vocals (SongId, BandmateId, Type) values (36, 4, 'chorus');
	insert into Vocals (SongId, BandmateId, Type) values (37, 1, 'chorus');
	insert into Vocals (SongId, BandmateId, Type) values (37, 2, 'chorus');
	insert into Vocals (SongId, BandmateId, Type) values (37, 3, 'lead');
	insert into Vocals (SongId, BandmateId, Type) values (37, 4, 'chorus');
	insert into Vocals (SongId, BandmateId, Type) values (38, 1, 'chorus');
	insert into Vocals (SongId, BandmateId, Type) values (38, 2, 'chorus');
	insert into Vocals (SongId, BandmateId, Type) values (38, 3, 'chorus');
	insert into Vocals (SongId, BandmateId, Type) values (38, 4, 'lead');
	insert into Vocals (SongId, BandmateId, Type) values (39, 1, 'lead');
	insert into Vocals (SongId, BandmateId, Type) values (39, 3, 'chorus');
	insert into Vocals (SongId, BandmateId, Type) values (40, 1, 'chorus');
	insert into Vocals (SongId, BandmateId, Type) values (40, 2, 'chorus');
	insert into Vocals (SongId, BandmateId, Type) values (40, 3, 'lead');
	insert into Vocals (SongId, BandmateId, Type) values (40, 4, 'chorus');
	insert into Vocals (SongId, BandmateId, Type) values (41, 1, 'chorus');
	insert into Vocals (SongId, BandmateId, Type) values (41, 2, 'lead');
	insert into Vocals (SongId, BandmateId, Type) values (41, 3, 'chorus');
	insert into Vocals (SongId, BandmateId, Type) values (41, 4, 'chorus');
	insert into Vocals (SongId, BandmateId, Type) values (42, 1, 'lead');
	insert into Vocals (SongId, BandmateId, Type) values (42, 2, 'chorus');
	insert into Vocals (SongId, BandmateId, Type) values (42, 3, 'chorus');
	insert into Vocals (SongId, BandmateId, Type) values (42, 4, 'chorus');
	insert into Vocals (SongId, BandmateId, Type) values (43, 1, 'chorus');
	insert into Vocals (SongId, BandmateId, Type) values (43, 2, 'lead');
	insert into Vocals (SongId, BandmateId, Type) values (43, 4, 'chorus');
