/*this is the populate for the TABLE Customers */
   insert into Customers (Id, LastName, FirstName) values ( 1 , 'LOGAN',  'JULIET');
   insert into Customers (Id, LastName, FirstName) values ( 2 , 'ARZT',  'TERRELL');
   insert into Customers (Id, LastName, FirstName) values ( 3 , 'ESPOSITA',  'TRAVIS');
   insert into Customers (Id, LastName, FirstName) values ( 4 , 'ENGLEY',  'SIXTA');
   insert into Customers (Id, LastName, FirstName) values ( 5 , 'DUNLOW',  'OSVALDO');
   insert into Customers (Id, LastName, FirstName) values ( 6 , 'SLINGLAND',  'JOSETTE');
   insert into Customers (Id, LastName, FirstName) values ( 7 , 'TOUSSAND',  'SHARRON');
   insert into Customers (Id, LastName, FirstName) values ( 8 , 'HELING',  'RUPERT');
   insert into Customers (Id, LastName, FirstName) values ( 9 , 'HAFFERKAMP',  'CUC');
   insert into Customers (Id, LastName, FirstName) values ( 10 , 'DUKELOW',  'CORETTA');
   insert into Customers (Id, LastName, FirstName) values ( 11 , 'STADICK',  'MIGDALIA');
   insert into Customers (Id, LastName, FirstName) values ( 12 , 'MCMAHAN',  'MELLIE');
   insert into Customers (Id, LastName, FirstName) values ( 13 , 'ARNN',  'KIP');
   insert into Customers (Id, LastName, FirstName) values ( 14 , 'SOPKO',  'RAYFORD');
   insert into Customers (Id, LastName, FirstName) values ( 15 , 'CALLENDAR',  'DAVID');
   insert into Customers (Id, LastName, FirstName) values ( 16 , 'CRUZEN',  'ARIANE');
   insert into Customers (Id, LastName, FirstName) values ( 17 , 'MESDAQ',  'CHARLENE');
   insert into Customers (Id, LastName, FirstName) values ( 18 , 'DOMKOWSKI',  'ALMETA');
   insert into Customers (Id, LastName, FirstName) values ( 19 , 'STENZ',  'NATACHA');
   insert into Customers (Id, LastName, FirstName) values ( 20 , 'ZEME',  'STEPHEN');


/* this is the populate the TABLE Goods */
   insert into Goods (Id, Flavor, Food, Price) values ( '20-BC-C-10' ,'Chocolate', 'Cake', 8.95);
   insert into Goods (Id, Flavor, Food, Price) values ( '20-BC-L-10' ,'Lemon', 'Cake', 8.95);
   insert into Goods (Id, Flavor, Food, Price) values ( '20-CA-7.5' ,'Casino', 'Cake', 15.95);
   insert into Goods (Id, Flavor, Food, Price) values ( '24-8x10' ,'Opera', 'Cake', 15.95);
   insert into Goods (Id, Flavor, Food, Price) values ( '25-STR-9' ,'Strawberry', 'Cake', 11.95);
   insert into Goods (Id, Flavor, Food, Price) values ( '26-8x10' ,'Truffle', 'Cake', 15.95);
   insert into Goods (Id, Flavor, Food, Price) values ( '45-CH' ,'Chocolate', 'Eclair', 3.25);
   insert into Goods (Id, Flavor, Food, Price) values ( '45-CO' ,'Coffee', 'Eclair', 3.5);
   insert into Goods (Id, Flavor, Food, Price) values ( '45-VA' ,'Vanilla', 'Eclair', 3.25);
   insert into Goods (Id, Flavor, Food, Price) values ( '46-11' ,'Napoleon', 'Cake', 13.49);
   insert into Goods (Id, Flavor, Food, Price) values ( '90-ALM-I' ,'Almond', 'Tart', 3.75);
   insert into Goods (Id, Flavor, Food, Price) values ( '90-APIE-10' ,'Apple', 'Pie', 5.25);
   insert into Goods (Id, Flavor, Food, Price) values ( '90-APP-11' ,'Apple', 'Tart', 3.25);
   insert into Goods (Id, Flavor, Food, Price) values ( '90-APR-PF' ,'Apricot', 'Tart', 3.25);
   insert into Goods (Id, Flavor, Food, Price) values ( '90-BER-11' ,'Berry', 'Tart', 3.25);
   insert into Goods (Id, Flavor, Food, Price) values ( '90-BLK-PF' ,'Blackberry', 'Tart', 3.25);
   insert into Goods (Id, Flavor, Food, Price) values ( '90-BLU-11' ,'Blueberry', 'Tart', 3.25);
   insert into Goods (Id, Flavor, Food, Price) values ( '90-CH-PF' ,'Chocolate', 'Tart', 3.75);
   insert into Goods (Id, Flavor, Food, Price) values ( '90-CHR-11' ,'Cherry', 'Tart', 3.25);
   insert into Goods (Id, Flavor, Food, Price) values ( '90-LEM-11' ,'Lemon', 'Tart', 3.25);
   insert into Goods (Id, Flavor, Food, Price) values ( '90-PEC-11' ,'Pecan', 'Tart', 3.75);
   insert into Goods (Id, Flavor, Food, Price) values ( '70-GA' ,'Ganache', 'Cookie', 1.15);
   insert into Goods (Id, Flavor, Food, Price) values ( '70-GON' ,'Gongolais', 'Cookie', 1.15);
   insert into Goods (Id, Flavor, Food, Price) values ( '70-R' ,'Raspberry', 'Cookie', 1.09);
   insert into Goods (Id, Flavor, Food, Price) values ( '70-LEM' ,'Lemon', 'Cookie', 0.79);
   insert into Goods (Id, Flavor, Food, Price) values ( '70-M-CH-DZ' ,'Chocolate', 'Meringue', 1.25);
   insert into Goods (Id, Flavor, Food, Price) values ( '70-M-VA-SM-DZ' ,'Vanilla', 'Meringue', 1.15);
   insert into Goods (Id, Flavor, Food, Price) values ( '70-MAR' ,'Marzipan', 'Cookie', 1.25);
   insert into Goods (Id, Flavor, Food, Price) values ( '70-TU' ,'Tuile', 'Cookie', 1.25);
   insert into Goods (Id, Flavor, Food, Price) values ( '70-W' ,'Walnut', 'Cookie', 0.79);
   insert into Goods (Id, Flavor, Food, Price) values ( '50-ALM' ,'Almond', 'Croissant', 1.45);
   insert into Goods (Id, Flavor, Food, Price) values ( '50-APP' ,'Apple', 'Croissant', 1.45);
   insert into Goods (Id, Flavor, Food, Price) values ( '50-APR' ,'Apricot', 'Croissant', 1.45);
   insert into Goods (Id, Flavor, Food, Price) values ( '50-CHS' ,'Cheese', 'Croissant', 1.75);
   insert into Goods (Id, Flavor, Food, Price) values ( '50-CH' ,'Chocolate', 'Croissant', 1.75);
   insert into Goods (Id, Flavor, Food, Price) values ( '51-APR' ,'Apricot', 'Danish', 1.15);
   insert into Goods (Id, Flavor, Food, Price) values ( '51-APP' ,'Apple', 'Danish', 1.15);
   insert into Goods (Id, Flavor, Food, Price) values ( '51-ATW' ,'Almond', 'Twist', 1.15);
   insert into Goods (Id, Flavor, Food, Price) values ( '51-BC' ,'Almond', 'Bear Claw', 1.95);
   insert into Goods (Id, Flavor, Food, Price) values ( '51-BLU' ,'Blueberry', 'Danish', 1.15);

/*this is the populate for TABLE Reciepts  (INSERT HERE FOR CORRECT CODE/ORDER)*/
   insert into Reciepts (RecieptNumber, RecDate, CustomerId) values (18129,  '2007-10-28', 15);
   insert into Reciepts (RecieptNumber, RecDate, CustomerId) values (51991,  '2007-10-17', 14);
   insert into Reciepts (RecieptNumber, RecDate, CustomerId) values (83085,  '2007-10-12', 7);
   insert into Reciepts (RecieptNumber, RecDate, CustomerId) values (70723,  '2007-10-28', 20);
   insert into Reciepts (RecieptNumber, RecDate, CustomerId) values (13355,  '2007-10-19', 7);
   insert into Reciepts (RecieptNumber, RecDate, CustomerId) values (52761,  '2007-10-27', 8);
   insert into Reciepts (RecieptNumber, RecDate, CustomerId) values (99002,  '2007-10-13', 20);
   insert into Reciepts (RecieptNumber, RecDate, CustomerId) values (58770,  '2007-10-22', 18);
   insert into Reciepts (RecieptNumber, RecDate, CustomerId) values (84665,  '2007-10-10', 6);
   insert into Reciepts (RecieptNumber, RecDate, CustomerId) values (55944,  '2007-10-16', 19);
   insert into Reciepts (RecieptNumber, RecDate, CustomerId) values (42166,  '2007-10-14', 8);
   insert into Reciepts (RecieptNumber, RecDate, CustomerId) values (16034,  '2007-10-10', 4);
   insert into Reciepts (RecieptNumber, RecDate, CustomerId) values (25906,  '2007-10-29', 15);
   insert into Reciepts (RecieptNumber, RecDate, CustomerId) values (27741,  '2007-10-25', 8);
   insert into Reciepts (RecieptNumber, RecDate, CustomerId) values (64451,  '2007-10-10', 11);
   insert into Reciepts (RecieptNumber, RecDate, CustomerId) values (41028,  '2007-10-6', 17);
   insert into Reciepts (RecieptNumber, RecDate, CustomerId) values (73716,  '2007-10-29', 18);
   insert into Reciepts (RecieptNumber, RecDate, CustomerId) values (76667,  '2007-10-14', 15);
   insert into Reciepts (RecieptNumber, RecDate, CustomerId) values (21040,  '2007-10-3', 6);
   insert into Reciepts (RecieptNumber, RecDate, CustomerId) values (48332,  '2007-10-15', 20);
   insert into Reciepts (RecieptNumber, RecDate, CustomerId) values (35011,  '2007-10-10', 20);
   insert into Reciepts (RecieptNumber, RecDate, CustomerId) values (95962,  '2007-10-26', 8);
   insert into Reciepts (RecieptNumber, RecDate, CustomerId) values (44798,  '2007-10-4', 16);
   insert into Reciepts (RecieptNumber, RecDate, CustomerId) values (60270,  '2007-10-31', 11);
   insert into Reciepts (RecieptNumber, RecDate, CustomerId) values (21162,  '2007-10-4', 8);
   insert into Reciepts (RecieptNumber, RecDate, CustomerId) values (77406,  '2007-10-9', 13);
   insert into Reciepts (RecieptNumber, RecDate, CustomerId) values (32565,  '2007-10-24', 14);
   insert into Reciepts (RecieptNumber, RecDate, CustomerId) values (36343,  '2007-10-31', 19);
   insert into Reciepts (RecieptNumber, RecDate, CustomerId) values (96619,  '2007-10-7', 18);
   insert into Reciepts (RecieptNumber, RecDate, CustomerId) values (86678,  '2007-10-24', 3);
   insert into Reciepts (RecieptNumber, RecDate, CustomerId) values (44330,  '2007-10-20', 18);
   insert into Reciepts (RecieptNumber, RecDate, CustomerId) values (91937,  '2007-10-21', 12);
   insert into Reciepts (RecieptNumber, RecDate, CustomerId) values (21545,  '2007-10-22', 12);
   insert into Reciepts (RecieptNumber, RecDate, CustomerId) values (29226,  '2007-10-26', 14);
   insert into Reciepts (RecieptNumber, RecDate, CustomerId) values (25121,  '2007-10-20', 18);
   insert into Reciepts (RecieptNumber, RecDate, CustomerId) values (54935,  '2007-10-16', 14);
   insert into Reciepts (RecieptNumber, RecDate, CustomerId) values (36423,  '2007-10-24', 16);
   insert into Reciepts (RecieptNumber, RecDate, CustomerId) values (83437,  '2007-10-15', 8);
   insert into Reciepts (RecieptNumber, RecDate, CustomerId) values (49854,  '2007-10-12', 2);
   insert into Reciepts (RecieptNumber, RecDate, CustomerId) values (99994,  '2007-10-21', 6);
   insert into Reciepts (RecieptNumber, RecDate, CustomerId) values (21622,  '2007-10-10', 7);
   insert into Reciepts (RecieptNumber, RecDate, CustomerId) values (64861,  '2007-10-15', 10);
   insert into Reciepts (RecieptNumber, RecDate, CustomerId) values (33456,  '2007-10-5', 16);
   insert into Reciepts (RecieptNumber, RecDate, CustomerId) values (75468,  '2007-10-21', 10);
   insert into Reciepts (RecieptNumber, RecDate, CustomerId) values (56365,  '2007-10-14', 12);
   insert into Reciepts (RecieptNumber, RecDate, CustomerId) values (91192,  '2007-10-10', 5);
   insert into Reciepts (RecieptNumber, RecDate, CustomerId) values (82056,  '2007-10-7', 18);
   insert into Reciepts (RecieptNumber, RecDate, CustomerId) values (27192,  '2007-10-28', 9);
   insert into Reciepts (RecieptNumber, RecDate, CustomerId) values (59716,  '2007-10-30', 2);
   insert into Reciepts (RecieptNumber, RecDate, CustomerId) values (82795,  '2007-10-8', 15);
   insert into Reciepts (RecieptNumber, RecDate, CustomerId) values (26240,  '2007-10-7', 16);
   insert into Reciepts (RecieptNumber, RecDate, CustomerId) values (56724,  '2007-10-9', 13);
   insert into Reciepts (RecieptNumber, RecDate, CustomerId) values (70796,  '2007-10-31', 12);
   insert into Reciepts (RecieptNumber, RecDate, CustomerId) values (37636,  '2007-10-20', 1);
   insert into Reciepts (RecieptNumber, RecDate, CustomerId) values (63998,  '2007-10-13', 20);
   insert into Reciepts (RecieptNumber, RecDate, CustomerId) values (48981,  '2007-10-24', 20);
   insert into Reciepts (RecieptNumber, RecDate, CustomerId) values (66704,  '2007-10-29', 14);
   insert into Reciepts (RecieptNumber, RecDate, CustomerId) values (12698,  '2007-10-23', 19);
   insert into Reciepts (RecieptNumber, RecDate, CustomerId) values (79287,  '2007-10-30', 8);
   insert into Reciepts (RecieptNumber, RecDate, CustomerId) values (55690,  '2007-10-15', 19);
   insert into Reciepts (RecieptNumber, RecDate, CustomerId) values (94371,  '2007-10-22', 8);
   insert into Reciepts (RecieptNumber, RecDate, CustomerId) values (26148,  '2007-10-19', 20);
   insert into Reciepts (RecieptNumber, RecDate, CustomerId) values (11923,  '2007-10-9', 15);
   insert into Reciepts (RecieptNumber, RecDate, CustomerId) values (46598,  '2007-10-3', 14);
   insert into Reciepts (RecieptNumber, RecDate, CustomerId) values (76951,  '2007-10-27', 14);
   insert into Reciepts (RecieptNumber, RecDate, CustomerId) values (85858,  '2007-10-31', 1);
   insert into Reciepts (RecieptNumber, RecDate, CustomerId) values (85881,  '2007-10-13', 1);
   insert into Reciepts (RecieptNumber, RecDate, CustomerId) values (89937,  '2007-10-20', 7);
   insert into Reciepts (RecieptNumber, RecDate, CustomerId) values (66227,  '2007-10-10', 1);
   insert into Reciepts (RecieptNumber, RecDate, CustomerId) values (60240,  '2007-10-17', 17);
   insert into Reciepts (RecieptNumber, RecDate, CustomerId) values (86085,  '2007-10-16', 1);
   insert into Reciepts (RecieptNumber, RecDate, CustomerId) values (67314,  '2007-10-23', 6);
   insert into Reciepts (RecieptNumber, RecDate, CustomerId) values (10013,  '2007-10-17', 15);
   insert into Reciepts (RecieptNumber, RecDate, CustomerId) values (26741,  '2007-10-24', 7);
   insert into Reciepts (RecieptNumber, RecDate, CustomerId) values (38157,  '2007-10-23', 16);
   insert into Reciepts (RecieptNumber, RecDate, CustomerId) values (45873,  '2007-10-5', 13);
   insert into Reciepts (RecieptNumber, RecDate, CustomerId) values (37540,  '2007-10-3', 20);
   insert into Reciepts (RecieptNumber, RecDate, CustomerId) values (11891,  '2007-10-30', 7);
   insert into Reciepts (RecieptNumber, RecDate, CustomerId) values (61797,  '2007-10-30', 8);
   insert into Reciepts (RecieptNumber, RecDate, CustomerId) values (52369,  '2007-10-15', 5);
   insert into Reciepts (RecieptNumber, RecDate, CustomerId) values (96430,  '2007-10-4', 18);
   insert into Reciepts (RecieptNumber, RecDate, CustomerId) values (64301,  '2007-10-12', 14);
   insert into Reciepts (RecieptNumber, RecDate, CustomerId) values (45976,  '2007-10-3', 10);
   insert into Reciepts (RecieptNumber, RecDate, CustomerId) values (39605,  '2007-10-12', 12);
   insert into Reciepts (RecieptNumber, RecDate, CustomerId) values (52013,  '2007-10-5', 13);
   insert into Reciepts (RecieptNumber, RecDate, CustomerId) values (88626,  '2007-10-25', 17);
   insert into Reciepts (RecieptNumber, RecDate, CustomerId) values (53376,  '2007-10-30', 8);
   insert into Reciepts (RecieptNumber, RecDate, CustomerId) values (15584,  '2007-10-13', 3);
   insert into Reciepts (RecieptNumber, RecDate, CustomerId) values (73437,  '2007-10-1', 6);
   insert into Reciepts (RecieptNumber, RecDate, CustomerId) values (24200,  '2007-10-16', 9);
   insert into Reciepts (RecieptNumber, RecDate, CustomerId) values (92252,  '2007-10-25', 7);
   insert into Reciepts (RecieptNumber, RecDate, CustomerId) values (39685,  '2007-10-28', 1);
   insert into Reciepts (RecieptNumber, RecDate, CustomerId) values (61378,  '2007-10-8', 11);
   insert into Reciepts (RecieptNumber, RecDate, CustomerId) values (96761,  '2007-10-14', 20);
   insert into Reciepts (RecieptNumber, RecDate, CustomerId) values (26198,  '2007-10-12', 11);
   insert into Reciepts (RecieptNumber, RecDate, CustomerId) values (78179,  '2007-10-24', 14);
   insert into Reciepts (RecieptNumber, RecDate, CustomerId) values (68890,  '2007-10-27', 7);
   insert into Reciepts (RecieptNumber, RecDate, CustomerId) values (75526,  '2007-10-22', 18);
   insert into Reciepts (RecieptNumber, RecDate, CustomerId) values (86162,  '2007-10-10', 16);
   insert into Reciepts (RecieptNumber, RecDate, CustomerId) values (13496,  '2007-10-30', 11);
   insert into Reciepts (RecieptNumber, RecDate, CustomerId) values (60469,  '2007-10-20', 4);
   insert into Reciepts (RecieptNumber, RecDate, CustomerId) values (50660,  '2007-10-18', 9);
   insert into Reciepts (RecieptNumber, RecDate, CustomerId) values (64553,  '2007-10-8', 17);
   insert into Reciepts (RecieptNumber, RecDate, CustomerId) values (57784,  '2007-10-15', 7);
   insert into Reciepts (RecieptNumber, RecDate, CustomerId) values (84258,  '2007-10-22', 2);
   insert into Reciepts (RecieptNumber, RecDate, CustomerId) values (68199,  '2007-10-4', 9);
   insert into Reciepts (RecieptNumber, RecDate, CustomerId) values (78187,  '2007-10-17', 14);
   insert into Reciepts (RecieptNumber, RecDate, CustomerId) values (81517,  '2007-10-10', 1);
   insert into Reciepts (RecieptNumber, RecDate, CustomerId) values (18951,  '2007-10-14', 20);
   insert into Reciepts (RecieptNumber, RecDate, CustomerId) values (20411,  '2007-10-8', 7);
   insert into Reciepts (RecieptNumber, RecDate, CustomerId) values (55494,  '2007-10-20', 15);
   insert into Reciepts (RecieptNumber, RecDate, CustomerId) values (42162,  '2007-10-16', 7);
   insert into Reciepts (RecieptNumber, RecDate, CustomerId) values (49977,  '2007-10-18', 3);
   insert into Reciepts (RecieptNumber, RecDate, CustomerId) values (89638,  '2007-10-7', 4);
   insert into Reciepts (RecieptNumber, RecDate, CustomerId) values (73438,  '2007-10-18', 10);
   insert into Reciepts (RecieptNumber, RecDate, CustomerId) values (96258,  '2007-10-12', 8);
   insert into Reciepts (RecieptNumber, RecDate, CustomerId) values (19258,  '2007-10-25', 5);
   insert into Reciepts (RecieptNumber, RecDate, CustomerId) values (12800,  '2007-10-22', 11);
   insert into Reciepts (RecieptNumber, RecDate, CustomerId) values (81368,  '2007-10-17', 19);
   insert into Reciepts (RecieptNumber, RecDate, CustomerId) values (70655,  '2007-10-6', 2);
   insert into Reciepts (RecieptNumber, RecDate, CustomerId) values (19002,  '2007-10-19', 6);
   insert into Reciepts (RecieptNumber, RecDate, CustomerId) values (31874,  '2007-10-13', 2);
   insert into Reciepts (RecieptNumber, RecDate, CustomerId) values (72207,  '2007-10-15', 1);
   insert into Reciepts (RecieptNumber, RecDate, CustomerId) values (65091,  '2007-10-9', 17);
   insert into Reciepts (RecieptNumber, RecDate, CustomerId) values (42833,  '2007-10-22', 3);
   insert into Reciepts (RecieptNumber, RecDate, CustomerId) values (72949,  '2007-10-2', 6);
   insert into Reciepts (RecieptNumber, RecDate, CustomerId) values (46248,  '2007-10-12', 11);
   insert into Reciepts (RecieptNumber, RecDate, CustomerId) values (38849,  '2007-10-25', 1);
   insert into Reciepts (RecieptNumber, RecDate, CustomerId) values (86861,  '2007-10-26', 9);
   insert into Reciepts (RecieptNumber, RecDate, CustomerId) values (32701,  '2007-10-19', 16);
   insert into Reciepts (RecieptNumber, RecDate, CustomerId) values (89182,  '2007-10-29', 5);
   insert into Reciepts (RecieptNumber, RecDate, CustomerId) values (68753,  '2007-10-11', 5);
   insert into Reciepts (RecieptNumber, RecDate, CustomerId) values (39217,  '2007-10-19', 20);
   insert into Reciepts (RecieptNumber, RecDate, CustomerId) values (96531,  '2007-10-12', 8);
   insert into Reciepts (RecieptNumber, RecDate, CustomerId) values (53922,  '2007-10-13', 2);
   insert into Reciepts (RecieptNumber, RecDate, CustomerId) values (64477,  '2007-10-16', 6);
   insert into Reciepts (RecieptNumber, RecDate, CustomerId) values (99058,  '2007-10-3', 14);
   insert into Reciepts (RecieptNumber, RecDate, CustomerId) values (77032,  '2007-10-28', 14);
   insert into Reciepts (RecieptNumber, RecDate, CustomerId) values (15286,  '2007-10-11', 6);
   insert into Reciepts (RecieptNumber, RecDate, CustomerId) values (59774,  '2007-10-2', 16);
   insert into Reciepts (RecieptNumber, RecDate, CustomerId) values (35073,  '2007-10-23', 5);
   insert into Reciepts (RecieptNumber, RecDate, CustomerId) values (34910,  '2007-10-7', 20);
   insert into Reciepts (RecieptNumber, RecDate, CustomerId) values (17685,  '2007-10-2', 12);
   insert into Reciepts (RecieptNumber, RecDate, CustomerId) values (45062,  '2007-10-23', 1);
   insert into Reciepts (RecieptNumber, RecDate, CustomerId) values (39109,  '2007-10-2', 16);
   insert into Reciepts (RecieptNumber, RecDate, CustomerId) values (37063,  '2007-10-22', 14);
   insert into Reciepts (RecieptNumber, RecDate, CustomerId) values (18567,  '2007-10-13', 7);
   insert into Reciepts (RecieptNumber, RecDate, CustomerId) values (37586,  '2007-10-3', 8);
   insert into Reciepts (RecieptNumber, RecDate, CustomerId) values (62707,  '2007-10-7', 8);
   insert into Reciepts (RecieptNumber, RecDate, CustomerId) values (28117,  '2007-10-9', 5);
   insert into Reciepts (RecieptNumber, RecDate, CustomerId) values (64574,  '2007-10-2', 6);
   insert into Reciepts (RecieptNumber, RecDate, CustomerId) values (40305,  '2007-10-25', 8);
   insert into Reciepts (RecieptNumber, RecDate, CustomerId) values (33060,  '2007-10-29', 20);
   insert into Reciepts (RecieptNumber, RecDate, CustomerId) values (12396,  '2007-10-10', 10);
   insert into Reciepts (RecieptNumber, RecDate, CustomerId) values (43103,  '2007-10-7', 4);
   insert into Reciepts (RecieptNumber, RecDate, CustomerId) values (39575,  '2007-10-20', 20);
   insert into Reciepts (RecieptNumber, RecDate, CustomerId) values (70162,  '2007-10-9', 19);
   insert into Reciepts (RecieptNumber, RecDate, CustomerId) values (23034,  '2007-10-15', 17);
   insert into Reciepts (RecieptNumber, RecDate, CustomerId) values (79296,  '2007-10-3', 19);
   insert into Reciepts (RecieptNumber, RecDate, CustomerId) values (74741,  '2007-10-12', 20);
   insert into Reciepts (RecieptNumber, RecDate, CustomerId) values (98806,  '2007-10-15', 17);
   insert into Reciepts (RecieptNumber, RecDate, CustomerId) values (43752,  '2007-10-5', 5);
   insert into Reciepts (RecieptNumber, RecDate, CustomerId) values (47353,  '2007-10-12', 6);
   insert into Reciepts (RecieptNumber, RecDate, CustomerId) values (39829,  '2007-10-31', 3);
   insert into Reciepts (RecieptNumber, RecDate, CustomerId) values (87454,  '2007-10-21', 6);
   insert into Reciepts (RecieptNumber, RecDate, CustomerId) values (76663,  '2007-10-4', 10);
   insert into Reciepts (RecieptNumber, RecDate, CustomerId) values (85492,  '2007-10-20', 12);
   insert into Reciepts (RecieptNumber, RecDate, CustomerId) values (48647,  '2007-10-9', 3);
   insert into Reciepts (RecieptNumber, RecDate, CustomerId) values (61008,  '2007-10-9', 14);
   insert into Reciepts (RecieptNumber, RecDate, CustomerId) values (96402,  '2007-10-4', 6);
   insert into Reciepts (RecieptNumber, RecDate, CustomerId) values (35904,  '2007-10-21', 10);
   insert into Reciepts (RecieptNumber, RecDate, CustomerId) values (49845,  '2007-10-31', 20);
   insert into Reciepts (RecieptNumber, RecDate, CustomerId) values (46014,  '2007-10-16', 15);
   insert into Reciepts (RecieptNumber, RecDate, CustomerId) values (46876,  '2007-10-6', 13);
   insert into Reciepts (RecieptNumber, RecDate, CustomerId) values (34579,  '2007-10-8', 7);
   insert into Reciepts (RecieptNumber, RecDate, CustomerId) values (17729,  '2007-10-16', 16);
   insert into Reciepts (RecieptNumber, RecDate, CustomerId) values (74952,  '2007-10-16', 5);
   insert into Reciepts (RecieptNumber, RecDate, CustomerId) values (61948,  '2007-10-4', 5);
   insert into Reciepts (RecieptNumber, RecDate, CustomerId) values (41064,  '2007-10-25', 16);
   insert into Reciepts (RecieptNumber, RecDate, CustomerId) values (17947,  '2007-10-27', 7);
   insert into Reciepts (RecieptNumber, RecDate, CustomerId) values (20913,  '2007-10-7', 8);
   insert into Reciepts (RecieptNumber, RecDate, CustomerId) values (95514,  '2007-10-9', 10);
   insert into Reciepts (RecieptNumber, RecDate, CustomerId) values (24829,  '2007-10-7', 15);
   insert into Reciepts (RecieptNumber, RecDate, CustomerId) values (44590,  '2007-10-12', 1);
   insert into Reciepts (RecieptNumber, RecDate, CustomerId) values (65165,  '2007-10-4', 4);
   insert into Reciepts (RecieptNumber, RecDate, CustomerId) values (89588,  '2007-10-9', 7);
   insert into Reciepts (RecieptNumber, RecDate, CustomerId) values (53240,  '2007-10-3', 14);
   insert into Reciepts (RecieptNumber, RecDate, CustomerId) values (46674,  '2007-10-29', 15);
   insert into Reciepts (RecieptNumber, RecDate, CustomerId) values (67946,  '2007-10-18', 7);
   insert into Reciepts (RecieptNumber, RecDate, CustomerId) values (31233,  '2007-10-20', 13);
   insert into Reciepts (RecieptNumber, RecDate, CustomerId) values (15904,  '2007-10-6', 13);
   insert into Reciepts (RecieptNumber, RecDate, CustomerId) values (17488,  '2007-10-20', 6);
   insert into Reciepts (RecieptNumber, RecDate, CustomerId) values (97097,  '2007-10-23', 9);
   insert into Reciepts (RecieptNumber, RecDate, CustomerId) values (50512,  '2007-10-27', 8);
   insert into Reciepts (RecieptNumber, RecDate, CustomerId) values (11548,  '2007-10-21', 13);
   insert into Reciepts (RecieptNumber, RecDate, CustomerId) values (29908,  '2007-10-14', 13);
   insert into Reciepts (RecieptNumber, RecDate, CustomerId) values (20127,  '2007-10-7', 15);
   insert into Reciepts (RecieptNumber, RecDate, CustomerId) values (41963,  '2007-10-29', 8);
   insert into Reciepts (RecieptNumber, RecDate, CustomerId) values (16532,  '2007-10-21', 4);
   insert into Reciepts (RecieptNumber, RecDate, CustomerId) values (34378,  '2007-10-23', 6);


/*this is the populate for TABLE Items */
   insert into Items (Reciept, Ordinal, Item) values ( 18129 , 1,   '70-TU');
   insert into Items (Reciept, Ordinal, Item) values ( 51991 , 1,   '90-APIE-10');
   insert into Items (Reciept, Ordinal, Item) values ( 51991 , 2,   '90-CH-PF');
   insert into Items (Reciept, Ordinal, Item) values ( 51991 , 3,   '90-APP-11');
   insert into Items (Reciept, Ordinal, Item) values ( 51991 , 4,   '26-8x10');
   insert into Items (Reciept, Ordinal, Item) values ( 83085 , 1,   '25-STR-9');
   insert into Items (Reciept, Ordinal, Item) values ( 83085 , 2,   '24-8x10');
   insert into Items (Reciept, Ordinal, Item) values ( 83085 , 3,   '90-APR-PF');
   insert into Items (Reciept, Ordinal, Item) values ( 83085 , 4,   '51-ATW');
   insert into Items (Reciept, Ordinal, Item) values ( 83085 , 5,   '26-8x10');
   insert into Items (Reciept, Ordinal, Item) values ( 70723 , 1,   '45-CO');
   insert into Items (Reciept, Ordinal, Item) values ( 13355 , 1,   '24-8x10');
   insert into Items (Reciept, Ordinal, Item) values ( 13355 , 2,   '70-LEM');
   insert into Items (Reciept, Ordinal, Item) values ( 13355 , 3,   '46-11');
   insert into Items (Reciept, Ordinal, Item) values ( 52761 , 1,   '90-ALM-I');
   insert into Items (Reciept, Ordinal, Item) values ( 52761 , 2,   '26-8x10');
   insert into Items (Reciept, Ordinal, Item) values ( 52761 , 3,   '50-CHS');
   insert into Items (Reciept, Ordinal, Item) values ( 52761 , 4,   '90-BLK-PF');
   insert into Items (Reciept, Ordinal, Item) values ( 52761 , 5,   '90-ALM-I');
   insert into Items (Reciept, Ordinal, Item) values ( 99002 , 1,   '50-CHS');
   insert into Items (Reciept, Ordinal, Item) values ( 99002 , 2,   '45-VA');
   insert into Items (Reciept, Ordinal, Item) values ( 58770 , 1,   '50-CHS');
   insert into Items (Reciept, Ordinal, Item) values ( 58770 , 2,   '46-11');
   insert into Items (Reciept, Ordinal, Item) values ( 58770 , 3,   '45-CH');
   insert into Items (Reciept, Ordinal, Item) values ( 58770 , 4,   '20-CA-7.5');
   insert into Items (Reciept, Ordinal, Item) values ( 84665 , 1,   '90-BER-11');
   insert into Items (Reciept, Ordinal, Item) values ( 55944 , 1,   '20-CA-7.5');
   insert into Items (Reciept, Ordinal, Item) values ( 55944 , 2,   '90-LEM-11');
   insert into Items (Reciept, Ordinal, Item) values ( 55944 , 3,   '70-R');
   insert into Items (Reciept, Ordinal, Item) values ( 55944 , 4,   '70-R');
   insert into Items (Reciept, Ordinal, Item) values ( 55944 , 5,   '50-CHS');
   insert into Items (Reciept, Ordinal, Item) values ( 42166 , 1,   '70-M-VA-SM-DZ');
   insert into Items (Reciept, Ordinal, Item) values ( 16034 , 1,   '46-11');
   insert into Items (Reciept, Ordinal, Item) values ( 16034 , 2,   '26-8x10');
   insert into Items (Reciept, Ordinal, Item) values ( 16034 , 3,   '45-CH');
   insert into Items (Reciept, Ordinal, Item) values ( 16034 , 4,   '70-R');
   insert into Items (Reciept, Ordinal, Item) values ( 16034 , 5,   '46-11');
   insert into Items (Reciept, Ordinal, Item) values ( 25906 , 1,   '25-STR-9');
   insert into Items (Reciept, Ordinal, Item) values ( 27741 , 1,   '90-BLK-PF');
   insert into Items (Reciept, Ordinal, Item) values ( 27741 , 2,   '51-BC');
   insert into Items (Reciept, Ordinal, Item) values ( 27741 , 3,   '90-APR-PF');
   insert into Items (Reciept, Ordinal, Item) values ( 64451 , 1,   '90-BER-11');
   insert into Items (Reciept, Ordinal, Item) values ( 64451 , 2,   '51-BC');
   insert into Items (Reciept, Ordinal, Item) values ( 64451 , 3,   '24-8x10');
   insert into Items (Reciept, Ordinal, Item) values ( 64451 , 4,   '90-BLK-PF');
   insert into Items (Reciept, Ordinal, Item) values ( 41028 , 1,   '90-BER-11');
   insert into Items (Reciept, Ordinal, Item) values ( 73716 , 1,   '90-PEC-11');
   insert into Items (Reciept, Ordinal, Item) values ( 73716 , 2,   '90-ALM-I');
   insert into Items (Reciept, Ordinal, Item) values ( 73716 , 3,   '70-LEM');
   insert into Items (Reciept, Ordinal, Item) values ( 73716 , 4,   '50-CH');
   insert into Items (Reciept, Ordinal, Item) values ( 76667 , 1,   '70-GON');
   insert into Items (Reciept, Ordinal, Item) values ( 76667 , 2,   '90-LEM-11');
   insert into Items (Reciept, Ordinal, Item) values ( 21040 , 1,   '70-R');
   insert into Items (Reciept, Ordinal, Item) values ( 21040 , 2,   '20-BC-L-10');
   insert into Items (Reciept, Ordinal, Item) values ( 21040 , 3,   '90-CH-PF');
   insert into Items (Reciept, Ordinal, Item) values ( 48332 , 1,   '70-GA');
   insert into Items (Reciept, Ordinal, Item) values ( 48332 , 2,   '70-R');
   insert into Items (Reciept, Ordinal, Item) values ( 35011 , 1,   '50-CHS');
   insert into Items (Reciept, Ordinal, Item) values ( 95962 , 1,   '90-APR-PF');
   insert into Items (Reciept, Ordinal, Item) values ( 95962 , 2,   '90-CHR-11');
   insert into Items (Reciept, Ordinal, Item) values ( 95962 , 3,   '50-CH');
   insert into Items (Reciept, Ordinal, Item) values ( 95962 , 4,   '45-VA');
   insert into Items (Reciept, Ordinal, Item) values ( 44798 , 1,   '90-APR-PF');
   insert into Items (Reciept, Ordinal, Item) values ( 44798 , 2,   '90-CH-PF');
   insert into Items (Reciept, Ordinal, Item) values ( 44798 , 3,   '90-APIE-10');
   insert into Items (Reciept, Ordinal, Item) values ( 44798 , 4,   '90-APP-11');
   insert into Items (Reciept, Ordinal, Item) values ( 44798 , 5,   '25-STR-9');
   insert into Items (Reciept, Ordinal, Item) values ( 60270 , 1,   '20-BC-L-10');
   insert into Items (Reciept, Ordinal, Item) values ( 60270 , 2,   '90-BLU-11');
   insert into Items (Reciept, Ordinal, Item) values ( 21162 , 1,   '90-APP-11');
   insert into Items (Reciept, Ordinal, Item) values ( 21162 , 2,   '70-TU');
   insert into Items (Reciept, Ordinal, Item) values ( 21162 , 3,   '90-APR-PF');
   insert into Items (Reciept, Ordinal, Item) values ( 77406 , 1,   '51-ATW');
   insert into Items (Reciept, Ordinal, Item) values ( 77406 , 2,   '90-BLK-PF');
   insert into Items (Reciept, Ordinal, Item) values ( 77406 , 3,   '50-APR');
   insert into Items (Reciept, Ordinal, Item) values ( 77406 , 4,   '50-APR');
   insert into Items (Reciept, Ordinal, Item) values ( 77406 , 5,   '24-8x10');
   insert into Items (Reciept, Ordinal, Item) values ( 32565 , 1,   '50-APP');
   insert into Items (Reciept, Ordinal, Item) values ( 32565 , 2,   '50-APP');
   insert into Items (Reciept, Ordinal, Item) values ( 32565 , 3,   '45-VA');
   insert into Items (Reciept, Ordinal, Item) values ( 36343 , 1,   '51-BC');
   insert into Items (Reciept, Ordinal, Item) values ( 36343 , 2,   '51-BC');
   insert into Items (Reciept, Ordinal, Item) values ( 36343 , 3,   '70-M-VA-SM-DZ');
   insert into Items (Reciept, Ordinal, Item) values ( 36343 , 4,   '50-ALM');
   insert into Items (Reciept, Ordinal, Item) values ( 96619 , 1,   '90-BLK-PF');
   insert into Items (Reciept, Ordinal, Item) values ( 86678 , 1,   '70-M-VA-SM-DZ');
   insert into Items (Reciept, Ordinal, Item) values ( 86678 , 2,   '90-LEM-11');
   insert into Items (Reciept, Ordinal, Item) values ( 44330 , 1,   '70-R');
   insert into Items (Reciept, Ordinal, Item) values ( 44330 , 2,   '90-BLU-11');
   insert into Items (Reciept, Ordinal, Item) values ( 91937 , 1,   '51-BC');
   insert into Items (Reciept, Ordinal, Item) values ( 91937 , 2,   '51-APR');
   insert into Items (Reciept, Ordinal, Item) values ( 21545 , 1,   '90-BER-11');
   insert into Items (Reciept, Ordinal, Item) values ( 21545 , 2,   '70-GA');
   insert into Items (Reciept, Ordinal, Item) values ( 21545 , 3,   '50-ALM');
   insert into Items (Reciept, Ordinal, Item) values ( 21545 , 4,   '90-BER-11');
   insert into Items (Reciept, Ordinal, Item) values ( 21545 , 5,   '45-VA');
   insert into Items (Reciept, Ordinal, Item) values ( 29226 , 1,   '90-PEC-11');
   insert into Items (Reciept, Ordinal, Item) values ( 29226 , 2,   '90-APIE-10');
   insert into Items (Reciept, Ordinal, Item) values ( 29226 , 3,   '51-BC');
   insert into Items (Reciept, Ordinal, Item) values ( 29226 , 4,   '70-W');
   insert into Items (Reciept, Ordinal, Item) values ( 29226 , 5,   '50-ALM');
   insert into Items (Reciept, Ordinal, Item) values ( 25121 , 1,   '50-CHS');
   insert into Items (Reciept, Ordinal, Item) values ( 25121 , 2,   '90-BER-11');
   insert into Items (Reciept, Ordinal, Item) values ( 25121 , 3,   '45-CH');
   insert into Items (Reciept, Ordinal, Item) values ( 54935 , 1,   '70-R');
   insert into Items (Reciept, Ordinal, Item) values ( 54935 , 2,   '45-CH');
   insert into Items (Reciept, Ordinal, Item) values ( 36423 , 1,   '45-VA');
   insert into Items (Reciept, Ordinal, Item) values ( 83437 , 1,   '90-LEM-11');
   insert into Items (Reciept, Ordinal, Item) values ( 83437 , 2,   '51-APR');
   insert into Items (Reciept, Ordinal, Item) values ( 49854 , 1,   '90-BER-11');
   insert into Items (Reciept, Ordinal, Item) values ( 49854 , 2,   '90-APP-11');
   insert into Items (Reciept, Ordinal, Item) values ( 99994 , 1,   '25-STR-9');
   insert into Items (Reciept, Ordinal, Item) values ( 99994 , 2,   '26-8x10');
   insert into Items (Reciept, Ordinal, Item) values ( 99994 , 3,   '90-PEC-11');
   insert into Items (Reciept, Ordinal, Item) values ( 99994 , 4,   '50-CH');
   insert into Items (Reciept, Ordinal, Item) values ( 21622 , 1,   '45-CO');
   insert into Items (Reciept, Ordinal, Item) values ( 64861 , 1,   '50-ALM');
   insert into Items (Reciept, Ordinal, Item) values ( 64861 , 2,   '46-11');
   insert into Items (Reciept, Ordinal, Item) values ( 33456 , 1,   '46-11');
   insert into Items (Reciept, Ordinal, Item) values ( 33456 , 2,   '90-BLK-PF');
   insert into Items (Reciept, Ordinal, Item) values ( 75468 , 1,   '70-M-CH-DZ');
   insert into Items (Reciept, Ordinal, Item) values ( 75468 , 2,   '70-M-CH-DZ');
   insert into Items (Reciept, Ordinal, Item) values ( 75468 , 3,   '90-CHR-11');
   insert into Items (Reciept, Ordinal, Item) values ( 56365 , 1,   '50-APR');
   insert into Items (Reciept, Ordinal, Item) values ( 91192 , 1,   '51-APP');
   insert into Items (Reciept, Ordinal, Item) values ( 91192 , 2,   '51-ATW');
   insert into Items (Reciept, Ordinal, Item) values ( 91192 , 3,   '50-APP');
   insert into Items (Reciept, Ordinal, Item) values ( 82056 , 1,   '90-APP-11');
   insert into Items (Reciept, Ordinal, Item) values ( 82056 , 2,   '50-CH');
   insert into Items (Reciept, Ordinal, Item) values ( 82056 , 3,   '90-BLK-PF');
   insert into Items (Reciept, Ordinal, Item) values ( 82056 , 4,   '45-CO');
   insert into Items (Reciept, Ordinal, Item) values ( 27192 , 1,   '70-R');
   insert into Items (Reciept, Ordinal, Item) values ( 27192 , 2,   '90-BLU-11');
   insert into Items (Reciept, Ordinal, Item) values ( 27192 , 3,   '70-TU');
   insert into Items (Reciept, Ordinal, Item) values ( 59716 , 1,   '51-APR');
   insert into Items (Reciept, Ordinal, Item) values ( 59716 , 2,   '70-MAR');
   insert into Items (Reciept, Ordinal, Item) values ( 59716 , 3,   '90-BLU-11');
   insert into Items (Reciept, Ordinal, Item) values ( 59716 , 4,   '45-CO');
   insert into Items (Reciept, Ordinal, Item) values ( 59716 , 5,   '90-APP-11');
   insert into Items (Reciept, Ordinal, Item) values ( 82795 , 1,   '90-APR-PF');
   insert into Items (Reciept, Ordinal, Item) values ( 26240 , 1,   '20-CA-7.5');
   insert into Items (Reciept, Ordinal, Item) values ( 56724 , 1,   '70-M-VA-SM-DZ');
   insert into Items (Reciept, Ordinal, Item) values ( 70796 , 1,   '45-CO');
   insert into Items (Reciept, Ordinal, Item) values ( 70796 , 2,   '20-BC-L-10');
   insert into Items (Reciept, Ordinal, Item) values ( 70796 , 3,   '45-CH');
   insert into Items (Reciept, Ordinal, Item) values ( 70796 , 4,   '90-BLU-11');
   insert into Items (Reciept, Ordinal, Item) values ( 37636 , 1,   '90-APR-PF');
   insert into Items (Reciept, Ordinal, Item) values ( 37636 , 2,   '90-CH-PF');
   insert into Items (Reciept, Ordinal, Item) values ( 37636 , 3,   '24-8x10');
   insert into Items (Reciept, Ordinal, Item) values ( 63998 , 1,   '70-M-VA-SM-DZ');
   insert into Items (Reciept, Ordinal, Item) values ( 48981 , 1,   '90-CHR-11');
   insert into Items (Reciept, Ordinal, Item) values ( 48981 , 2,   '50-CHS');
   insert into Items (Reciept, Ordinal, Item) values ( 66704 , 1,   '90-BER-11');
   insert into Items (Reciept, Ordinal, Item) values ( 66704 , 2,   '51-APR');
   insert into Items (Reciept, Ordinal, Item) values ( 66704 , 3,   '70-LEM');
   insert into Items (Reciept, Ordinal, Item) values ( 12698 , 1,   '51-APP');
   insert into Items (Reciept, Ordinal, Item) values ( 12698 , 2,   '70-R');
   insert into Items (Reciept, Ordinal, Item) values ( 12698 , 3,   '26-8x10');
   insert into Items (Reciept, Ordinal, Item) values ( 79287 , 1,   '90-PEC-11');
   insert into Items (Reciept, Ordinal, Item) values ( 79287 , 2,   '45-VA');
   insert into Items (Reciept, Ordinal, Item) values ( 79287 , 3,   '90-LEM-11');
   insert into Items (Reciept, Ordinal, Item) values ( 79287 , 4,   '90-APP-11');
   insert into Items (Reciept, Ordinal, Item) values ( 79287 , 5,   '51-BLU');
   insert into Items (Reciept, Ordinal, Item) values ( 55690 , 1,   '70-M-CH-DZ');
   insert into Items (Reciept, Ordinal, Item) values ( 55690 , 2,   '51-BLU');
   insert into Items (Reciept, Ordinal, Item) values ( 55690 , 3,   '90-APP-11');
   insert into Items (Reciept, Ordinal, Item) values ( 94371 , 1,   '51-BLU');
   insert into Items (Reciept, Ordinal, Item) values ( 26148 , 1,   '20-CA-7.5');
   insert into Items (Reciept, Ordinal, Item) values ( 26148 , 2,   '90-BLU-11');
   insert into Items (Reciept, Ordinal, Item) values ( 26148 , 3,   '51-BLU');
   insert into Items (Reciept, Ordinal, Item) values ( 26148 , 4,   '70-M-CH-DZ');
   insert into Items (Reciept, Ordinal, Item) values ( 11923 , 1,   '70-LEM');
   insert into Items (Reciept, Ordinal, Item) values ( 46598 , 1,   '70-R');
   insert into Items (Reciept, Ordinal, Item) values ( 46598 , 2,   '70-W');
   insert into Items (Reciept, Ordinal, Item) values ( 46598 , 3,   '70-R');
   insert into Items (Reciept, Ordinal, Item) values ( 76951 , 1,   '51-BLU');
   insert into Items (Reciept, Ordinal, Item) values ( 85858 , 1,   '20-CA-7.5');
   insert into Items (Reciept, Ordinal, Item) values ( 85858 , 2,   '70-M-VA-SM-DZ');
   insert into Items (Reciept, Ordinal, Item) values ( 85858 , 3,   '51-BLU');
   insert into Items (Reciept, Ordinal, Item) values ( 85881 , 1,   '90-APP-11');
   insert into Items (Reciept, Ordinal, Item) values ( 89937 , 1,   '51-BLU');
   insert into Items (Reciept, Ordinal, Item) values ( 89937 , 2,   '51-BC');
   insert into Items (Reciept, Ordinal, Item) values ( 89937 , 3,   '90-BER-11');
   insert into Items (Reciept, Ordinal, Item) values ( 89937 , 4,   '70-R');
   insert into Items (Reciept, Ordinal, Item) values ( 66227 , 1,   '90-APP-11');
   insert into Items (Reciept, Ordinal, Item) values ( 66227 , 2,   '90-APIE-10');
   insert into Items (Reciept, Ordinal, Item) values ( 66227 , 3,   '70-MAR');
   insert into Items (Reciept, Ordinal, Item) values ( 66227 , 4,   '90-BLK-PF');
   insert into Items (Reciept, Ordinal, Item) values ( 60240 , 1,   '90-APP-11');
   insert into Items (Reciept, Ordinal, Item) values ( 60240 , 2,   '50-ALM');
   insert into Items (Reciept, Ordinal, Item) values ( 86085 , 1,   '50-APR');
   insert into Items (Reciept, Ordinal, Item) values ( 86085 , 2,   '50-APP');
   insert into Items (Reciept, Ordinal, Item) values ( 86085 , 3,   '90-APR-PF');
   insert into Items (Reciept, Ordinal, Item) values ( 86085 , 4,   '51-ATW');
   insert into Items (Reciept, Ordinal, Item) values ( 67314 , 1,   '51-BC');
   insert into Items (Reciept, Ordinal, Item) values ( 67314 , 2,   '50-CHS');
   insert into Items (Reciept, Ordinal, Item) values ( 67314 , 3,   '70-TU');
   insert into Items (Reciept, Ordinal, Item) values ( 67314 , 4,   '20-CA-7.5');
   insert into Items (Reciept, Ordinal, Item) values ( 10013 , 1,   '70-M-CH-DZ');
   insert into Items (Reciept, Ordinal, Item) values ( 26741 , 1,   '70-GA');
   insert into Items (Reciept, Ordinal, Item) values ( 26741 , 2,   '50-APP');
   insert into Items (Reciept, Ordinal, Item) values ( 38157 , 1,   '70-MAR');
   insert into Items (Reciept, Ordinal, Item) values ( 38157 , 2,   '90-CHR-11');
   insert into Items (Reciept, Ordinal, Item) values ( 38157 , 3,   '70-LEM');
   insert into Items (Reciept, Ordinal, Item) values ( 38157 , 4,   '90-CHR-11');
   insert into Items (Reciept, Ordinal, Item) values ( 45873 , 1,   '70-M-VA-SM-DZ');
   insert into Items (Reciept, Ordinal, Item) values ( 37540 , 1,   '45-CO');
   insert into Items (Reciept, Ordinal, Item) values ( 37540 , 2,   '51-APR');
   insert into Items (Reciept, Ordinal, Item) values ( 11891 , 1,   '45-CO');
   insert into Items (Reciept, Ordinal, Item) values ( 11891 , 2,   '50-APR');
   insert into Items (Reciept, Ordinal, Item) values ( 11891 , 3,   '46-11');
   insert into Items (Reciept, Ordinal, Item) values ( 61797 , 1,   '70-GON');
   insert into Items (Reciept, Ordinal, Item) values ( 61797 , 2,   '90-CH-PF');
   insert into Items (Reciept, Ordinal, Item) values ( 61797 , 3,   '70-M-VA-SM-DZ');
   insert into Items (Reciept, Ordinal, Item) values ( 61797 , 4,   '70-M-CH-DZ');
   insert into Items (Reciept, Ordinal, Item) values ( 61797 , 5,   '90-BER-11');
   insert into Items (Reciept, Ordinal, Item) values ( 52369 , 1,   '90-CHR-11');
   insert into Items (Reciept, Ordinal, Item) values ( 52369 , 2,   '70-TU');
   insert into Items (Reciept, Ordinal, Item) values ( 96430 , 1,   '90-PEC-11');
   insert into Items (Reciept, Ordinal, Item) values ( 64301 , 1,   '70-W');
   insert into Items (Reciept, Ordinal, Item) values ( 64301 , 2,   '51-APR');
   insert into Items (Reciept, Ordinal, Item) values ( 64301 , 3,   '90-BER-11');
   insert into Items (Reciept, Ordinal, Item) values ( 45976 , 1,   '24-8x10');
   insert into Items (Reciept, Ordinal, Item) values ( 45976 , 2,   '51-BC');
   insert into Items (Reciept, Ordinal, Item) values ( 39605 , 1,   '90-BER-11');
   insert into Items (Reciept, Ordinal, Item) values ( 52013 , 1,   '70-W');
   insert into Items (Reciept, Ordinal, Item) values ( 52013 , 2,   '50-ALM');
   insert into Items (Reciept, Ordinal, Item) values ( 52013 , 3,   '90-ALM-I');
   insert into Items (Reciept, Ordinal, Item) values ( 52013 , 4,   '90-APP-11');
   insert into Items (Reciept, Ordinal, Item) values ( 88626 , 1,   '90-APP-11');
   insert into Items (Reciept, Ordinal, Item) values ( 53376 , 1,   '51-APR');
   insert into Items (Reciept, Ordinal, Item) values ( 53376 , 2,   '90-CHR-11');
   insert into Items (Reciept, Ordinal, Item) values ( 53376 , 3,   '90-APIE-10');
   insert into Items (Reciept, Ordinal, Item) values ( 53376 , 4,   '46-11');
   insert into Items (Reciept, Ordinal, Item) values ( 53376 , 5,   '90-BLU-11');
   insert into Items (Reciept, Ordinal, Item) values ( 15584 , 1,   '70-LEM');
   insert into Items (Reciept, Ordinal, Item) values ( 73437 , 1,   '70-M-CH-DZ');
   insert into Items (Reciept, Ordinal, Item) values ( 24200 , 1,   '50-CHS');
   insert into Items (Reciept, Ordinal, Item) values ( 92252 , 1,   '70-GON');
   insert into Items (Reciept, Ordinal, Item) values ( 92252 , 2,   '51-ATW');
   insert into Items (Reciept, Ordinal, Item) values ( 92252 , 3,   '51-BLU');
   insert into Items (Reciept, Ordinal, Item) values ( 92252 , 4,   '45-VA');
   insert into Items (Reciept, Ordinal, Item) values ( 92252 , 5,   '70-M-VA-SM-DZ');
   insert into Items (Reciept, Ordinal, Item) values ( 39685 , 1,   '50-APP');
   insert into Items (Reciept, Ordinal, Item) values ( 39685 , 2,   '70-M-CH-DZ');
   insert into Items (Reciept, Ordinal, Item) values ( 39685 , 3,   '90-APR-PF');
   insert into Items (Reciept, Ordinal, Item) values ( 39685 , 4,   '90-APIE-10');
   insert into Items (Reciept, Ordinal, Item) values ( 61378 , 1,   '51-APR');
   insert into Items (Reciept, Ordinal, Item) values ( 61378 , 2,   '90-BLK-PF');
   insert into Items (Reciept, Ordinal, Item) values ( 96761 , 1,   '26-8x10');
   insert into Items (Reciept, Ordinal, Item) values ( 96761 , 2,   '70-LEM');
   insert into Items (Reciept, Ordinal, Item) values ( 96761 , 3,   '50-CHS');
   insert into Items (Reciept, Ordinal, Item) values ( 96761 , 4,   '50-CHS');
   insert into Items (Reciept, Ordinal, Item) values ( 26198 , 1,   '70-GA');
   insert into Items (Reciept, Ordinal, Item) values ( 26198 , 2,   '70-GON');
   insert into Items (Reciept, Ordinal, Item) values ( 26198 , 3,   '50-APP');
   insert into Items (Reciept, Ordinal, Item) values ( 26198 , 4,   '20-BC-L-10');
   insert into Items (Reciept, Ordinal, Item) values ( 26198 , 5,   '70-R');
   insert into Items (Reciept, Ordinal, Item) values ( 78179 , 1,   '51-BLU');
   insert into Items (Reciept, Ordinal, Item) values ( 78179 , 2,   '50-CHS');
   insert into Items (Reciept, Ordinal, Item) values ( 78179 , 3,   '90-BLK-PF');
   insert into Items (Reciept, Ordinal, Item) values ( 78179 , 4,   '45-CO');
   insert into Items (Reciept, Ordinal, Item) values ( 78179 , 5,   '70-R');
   insert into Items (Reciept, Ordinal, Item) values ( 68890 , 1,   '50-ALM');
   insert into Items (Reciept, Ordinal, Item) values ( 75526 , 1,   '90-LEM-11');
   insert into Items (Reciept, Ordinal, Item) values ( 86162 , 1,   '51-BLU');
   insert into Items (Reciept, Ordinal, Item) values ( 86162 , 2,   '50-ALM');
   insert into Items (Reciept, Ordinal, Item) values ( 86162 , 3,   '50-CHS');
   insert into Items (Reciept, Ordinal, Item) values ( 86162 , 4,   '70-TU');
   insert into Items (Reciept, Ordinal, Item) values ( 86162 , 5,   '50-ALM');
   insert into Items (Reciept, Ordinal, Item) values ( 13496 , 1,   '70-W');
   insert into Items (Reciept, Ordinal, Item) values ( 13496 , 2,   '90-ALM-I');
   insert into Items (Reciept, Ordinal, Item) values ( 13496 , 3,   '51-ATW');
   insert into Items (Reciept, Ordinal, Item) values ( 13496 , 4,   '50-APP');
   insert into Items (Reciept, Ordinal, Item) values ( 60469 , 1,   '51-APR');
   insert into Items (Reciept, Ordinal, Item) values ( 50660 , 1,   '70-TU');
   insert into Items (Reciept, Ordinal, Item) values ( 50660 , 2,   '90-APIE-10');
   insert into Items (Reciept, Ordinal, Item) values ( 64553 , 1,   '51-BC');
   insert into Items (Reciept, Ordinal, Item) values ( 64553 , 2,   '90-APP-11');
   insert into Items (Reciept, Ordinal, Item) values ( 64553 , 3,   '70-LEM');
   insert into Items (Reciept, Ordinal, Item) values ( 64553 , 4,   '90-APP-11');
   insert into Items (Reciept, Ordinal, Item) values ( 57784 , 1,   '90-CH-PF');
   insert into Items (Reciept, Ordinal, Item) values ( 84258 , 1,   '51-APP');
   insert into Items (Reciept, Ordinal, Item) values ( 84258 , 2,   '51-BC');
   insert into Items (Reciept, Ordinal, Item) values ( 68199 , 1,   '51-APR');
   insert into Items (Reciept, Ordinal, Item) values ( 68199 , 2,   '24-8x10');
   insert into Items (Reciept, Ordinal, Item) values ( 78187 , 1,   '51-ATW');
   insert into Items (Reciept, Ordinal, Item) values ( 78187 , 2,   '51-ATW');
   insert into Items (Reciept, Ordinal, Item) values ( 81517 , 1,   '70-M-CH-DZ');
   insert into Items (Reciept, Ordinal, Item) values ( 81517 , 2,   '51-ATW');
   insert into Items (Reciept, Ordinal, Item) values ( 18951 , 1,   '51-APR');
   insert into Items (Reciept, Ordinal, Item) values ( 20411 , 1,   '90-APP-11');
   insert into Items (Reciept, Ordinal, Item) values ( 20411 , 2,   '90-APR-PF');
   insert into Items (Reciept, Ordinal, Item) values ( 55494 , 1,   '90-APP-11');
   insert into Items (Reciept, Ordinal, Item) values ( 55494 , 2,   '45-VA');
   insert into Items (Reciept, Ordinal, Item) values ( 42162 , 1,   '70-M-VA-SM-DZ');
   insert into Items (Reciept, Ordinal, Item) values ( 49977 , 1,   '26-8x10');
   insert into Items (Reciept, Ordinal, Item) values ( 49977 , 2,   '45-CO');
   insert into Items (Reciept, Ordinal, Item) values ( 49977 , 3,   '45-CH');
   insert into Items (Reciept, Ordinal, Item) values ( 49977 , 4,   '20-BC-L-10');
   insert into Items (Reciept, Ordinal, Item) values ( 89638 , 1,   '70-M-CH-DZ');
   insert into Items (Reciept, Ordinal, Item) values ( 89638 , 2,   '70-M-CH-DZ');
   insert into Items (Reciept, Ordinal, Item) values ( 89638 , 3,   '50-ALM');
   insert into Items (Reciept, Ordinal, Item) values ( 89638 , 4,   '90-CH-PF');
   insert into Items (Reciept, Ordinal, Item) values ( 73438 , 1,   '90-CHR-11');
   insert into Items (Reciept, Ordinal, Item) values ( 73438 , 2,   '50-APR');
   insert into Items (Reciept, Ordinal, Item) values ( 96258 , 1,   '90-CHR-11');
   insert into Items (Reciept, Ordinal, Item) values ( 96258 , 2,   '90-BLK-PF');
   insert into Items (Reciept, Ordinal, Item) values ( 96258 , 3,   '24-8x10');
   insert into Items (Reciept, Ordinal, Item) values ( 96258 , 4,   '70-LEM');
   insert into Items (Reciept, Ordinal, Item) values ( 19258 , 1,   '90-CHR-11');
   insert into Items (Reciept, Ordinal, Item) values ( 12800 , 1,   '70-LEM');
   insert into Items (Reciept, Ordinal, Item) values ( 12800 , 2,   '20-CA-7.5');
   insert into Items (Reciept, Ordinal, Item) values ( 12800 , 3,   '90-ALM-I');
   insert into Items (Reciept, Ordinal, Item) values ( 12800 , 4,   '90-APR-PF');
   insert into Items (Reciept, Ordinal, Item) values ( 81368 , 1,   '50-CHS');
   insert into Items (Reciept, Ordinal, Item) values ( 81368 , 2,   '90-CH-PF');
   insert into Items (Reciept, Ordinal, Item) values ( 70655 , 1,   '26-8x10');
   insert into Items (Reciept, Ordinal, Item) values ( 70655 , 2,   '70-TU');
   insert into Items (Reciept, Ordinal, Item) values ( 70655 , 3,   '90-ALM-I');
   insert into Items (Reciept, Ordinal, Item) values ( 70655 , 4,   '45-CO');
   insert into Items (Reciept, Ordinal, Item) values ( 19002 , 1,   '26-8x10');
   insert into Items (Reciept, Ordinal, Item) values ( 19002 , 2,   '25-STR-9');
   insert into Items (Reciept, Ordinal, Item) values ( 31874 , 1,   '70-MAR');
   insert into Items (Reciept, Ordinal, Item) values ( 31874 , 2,   '70-MAR');
   insert into Items (Reciept, Ordinal, Item) values ( 31874 , 3,   '90-LEM-11');
   insert into Items (Reciept, Ordinal, Item) values ( 72207 , 1,   '70-MAR');
   insert into Items (Reciept, Ordinal, Item) values ( 72207 , 2,   '20-CA-7.5');
   insert into Items (Reciept, Ordinal, Item) values ( 65091 , 1,   '51-APR');
   insert into Items (Reciept, Ordinal, Item) values ( 42833 , 1,   '90-CHR-11');
   insert into Items (Reciept, Ordinal, Item) values ( 42833 , 2,   '70-W');
   insert into Items (Reciept, Ordinal, Item) values ( 42833 , 3,   '51-BC');
   insert into Items (Reciept, Ordinal, Item) values ( 72949 , 1,   '51-APR');
   insert into Items (Reciept, Ordinal, Item) values ( 72949 , 2,   '70-LEM');
   insert into Items (Reciept, Ordinal, Item) values ( 72949 , 3,   '90-BLK-PF');
   insert into Items (Reciept, Ordinal, Item) values ( 72949 , 4,   '51-BLU');
   insert into Items (Reciept, Ordinal, Item) values ( 72949 , 5,   '70-W');
   insert into Items (Reciept, Ordinal, Item) values ( 46248 , 1,   '70-M-CH-DZ');
   insert into Items (Reciept, Ordinal, Item) values ( 38849 , 1,   '45-VA');
   insert into Items (Reciept, Ordinal, Item) values ( 38849 , 2,   '70-M-VA-SM-DZ');
   insert into Items (Reciept, Ordinal, Item) values ( 38849 , 3,   '46-11');
   insert into Items (Reciept, Ordinal, Item) values ( 38849 , 4,   '51-ATW');
   insert into Items (Reciept, Ordinal, Item) values ( 38849 , 5,   '50-APR');
   insert into Items (Reciept, Ordinal, Item) values ( 86861 , 1,   '20-BC-L-10');
   insert into Items (Reciept, Ordinal, Item) values ( 86861 , 2,   '50-CHS');
   insert into Items (Reciept, Ordinal, Item) values ( 86861 , 3,   '70-GON');
   insert into Items (Reciept, Ordinal, Item) values ( 86861 , 4,   '51-BLU');
   insert into Items (Reciept, Ordinal, Item) values ( 32701 , 1,   '90-BLK-PF');
   insert into Items (Reciept, Ordinal, Item) values ( 32701 , 2,   '50-APR');
   insert into Items (Reciept, Ordinal, Item) values ( 32701 , 3,   '20-CA-7.5');
   insert into Items (Reciept, Ordinal, Item) values ( 89182 , 1,   '51-APR');
   insert into Items (Reciept, Ordinal, Item) values ( 89182 , 2,   '51-APP');
   insert into Items (Reciept, Ordinal, Item) values ( 89182 , 3,   '70-LEM');
   insert into Items (Reciept, Ordinal, Item) values ( 89182 , 4,   '50-ALM');
   insert into Items (Reciept, Ordinal, Item) values ( 89182 , 5,   '45-CH');
   insert into Items (Reciept, Ordinal, Item) values ( 68753 , 1,   '70-R');
   insert into Items (Reciept, Ordinal, Item) values ( 68753 , 2,   '46-11');
   insert into Items (Reciept, Ordinal, Item) values ( 68753 , 3,   '51-BLU');
   insert into Items (Reciept, Ordinal, Item) values ( 68753 , 4,   '70-W');
   insert into Items (Reciept, Ordinal, Item) values ( 68753 , 5,   '51-BC');
   insert into Items (Reciept, Ordinal, Item) values ( 39217 , 1,   '90-ALM-I');
   insert into Items (Reciept, Ordinal, Item) values ( 39217 , 2,   '51-ATW');
   insert into Items (Reciept, Ordinal, Item) values ( 39217 , 3,   '45-CH');
   insert into Items (Reciept, Ordinal, Item) values ( 39217 , 4,   '90-BLK-PF');
   insert into Items (Reciept, Ordinal, Item) values ( 96531 , 1,   '24-8x10');
   insert into Items (Reciept, Ordinal, Item) values ( 96531 , 2,   '50-APP');
   insert into Items (Reciept, Ordinal, Item) values ( 96531 , 3,   '70-GA');
   insert into Items (Reciept, Ordinal, Item) values ( 96531 , 4,   '50-CHS');
   insert into Items (Reciept, Ordinal, Item) values ( 53922 , 1,   '70-M-VA-SM-DZ');
   insert into Items (Reciept, Ordinal, Item) values ( 53922 , 2,   '46-11');
   insert into Items (Reciept, Ordinal, Item) values ( 53922 , 3,   '20-BC-L-10');
   insert into Items (Reciept, Ordinal, Item) values ( 53922 , 4,   '70-GON');
   insert into Items (Reciept, Ordinal, Item) values ( 64477 , 1,   '70-TU');
   insert into Items (Reciept, Ordinal, Item) values ( 64477 , 2,   '90-PEC-11');
   insert into Items (Reciept, Ordinal, Item) values ( 64477 , 3,   '90-BLK-PF');
   insert into Items (Reciept, Ordinal, Item) values ( 64477 , 4,   '51-ATW');
   insert into Items (Reciept, Ordinal, Item) values ( 64477 , 5,   '20-CA-7.5');
   insert into Items (Reciept, Ordinal, Item) values ( 99058 , 1,   '50-CHS');
   insert into Items (Reciept, Ordinal, Item) values ( 99058 , 2,   '90-BLU-11');
   insert into Items (Reciept, Ordinal, Item) values ( 99058 , 3,   '51-BLU');
   insert into Items (Reciept, Ordinal, Item) values ( 99058 , 4,   '45-CH');
   insert into Items (Reciept, Ordinal, Item) values ( 99058 , 5,   '90-CHR-11');
   insert into Items (Reciept, Ordinal, Item) values ( 77032 , 1,   '50-CH');
   insert into Items (Reciept, Ordinal, Item) values ( 77032 , 2,   '46-11');
   insert into Items (Reciept, Ordinal, Item) values ( 77032 , 3,   '50-ALM');
   insert into Items (Reciept, Ordinal, Item) values ( 77032 , 4,   '70-MAR');
   insert into Items (Reciept, Ordinal, Item) values ( 15286 , 1,   '70-MAR');
   insert into Items (Reciept, Ordinal, Item) values ( 15286 , 2,   '50-APP');
   insert into Items (Reciept, Ordinal, Item) values ( 15286 , 3,   '90-APR-PF');
   insert into Items (Reciept, Ordinal, Item) values ( 59774 , 1,   '51-BLU');
   insert into Items (Reciept, Ordinal, Item) values ( 59774 , 2,   '70-GA');
   insert into Items (Reciept, Ordinal, Item) values ( 59774 , 3,   '90-ALM-I');
   insert into Items (Reciept, Ordinal, Item) values ( 35073 , 1,   '90-CHR-11');
   insert into Items (Reciept, Ordinal, Item) values ( 35073 , 2,   '70-GON');
   insert into Items (Reciept, Ordinal, Item) values ( 34910 , 1,   '51-APP');
   insert into Items (Reciept, Ordinal, Item) values ( 34910 , 2,   '24-8x10');
   insert into Items (Reciept, Ordinal, Item) values ( 34910 , 3,   '90-PEC-11');
   insert into Items (Reciept, Ordinal, Item) values ( 34910 , 4,   '51-BC');
   insert into Items (Reciept, Ordinal, Item) values ( 17685 , 1,   '20-BC-L-10');
   insert into Items (Reciept, Ordinal, Item) values ( 17685 , 2,   '50-APP');
   insert into Items (Reciept, Ordinal, Item) values ( 17685 , 3,   '51-ATW');
   insert into Items (Reciept, Ordinal, Item) values ( 17685 , 4,   '70-MAR');
   insert into Items (Reciept, Ordinal, Item) values ( 45062 , 1,   '50-CHS');
   insert into Items (Reciept, Ordinal, Item) values ( 45062 , 2,   '20-CA-7.5');
   insert into Items (Reciept, Ordinal, Item) values ( 39109 , 1,   '90-APIE-10');
   insert into Items (Reciept, Ordinal, Item) values ( 39109 , 2,   '90-APP-11');
   insert into Items (Reciept, Ordinal, Item) values ( 37063 , 1,   '70-TU');
   insert into Items (Reciept, Ordinal, Item) values ( 37063 , 2,   '90-APP-11');
   insert into Items (Reciept, Ordinal, Item) values ( 37063 , 3,   '70-W');
   insert into Items (Reciept, Ordinal, Item) values ( 18567 , 1,   '70-LEM');
   insert into Items (Reciept, Ordinal, Item) values ( 18567 , 2,   '90-APR-PF');
   insert into Items (Reciept, Ordinal, Item) values ( 37586 , 1,   '70-TU');
   insert into Items (Reciept, Ordinal, Item) values ( 62707 , 1,   '70-R');
   insert into Items (Reciept, Ordinal, Item) values ( 62707 , 2,   '90-CHR-11');
   insert into Items (Reciept, Ordinal, Item) values ( 62707 , 3,   '20-BC-L-10');
   insert into Items (Reciept, Ordinal, Item) values ( 62707 , 4,   '90-APR-PF');
   insert into Items (Reciept, Ordinal, Item) values ( 28117 , 1,   '90-CH-PF');
   insert into Items (Reciept, Ordinal, Item) values ( 28117 , 2,   '50-APP');
   insert into Items (Reciept, Ordinal, Item) values ( 28117 , 3,   '25-STR-9');
   insert into Items (Reciept, Ordinal, Item) values ( 64574 , 1,   '51-ATW');
   insert into Items (Reciept, Ordinal, Item) values ( 64574 , 2,   '70-TU');
   insert into Items (Reciept, Ordinal, Item) values ( 64574 , 3,   '70-W');
   insert into Items (Reciept, Ordinal, Item) values ( 40305 , 1,   '20-CA-7.5');
   insert into Items (Reciept, Ordinal, Item) values ( 40305 , 2,   '70-GA');
   insert into Items (Reciept, Ordinal, Item) values ( 33060 , 1,   '45-CO');
   insert into Items (Reciept, Ordinal, Item) values ( 33060 , 2,   '46-11');
   insert into Items (Reciept, Ordinal, Item) values ( 33060 , 3,   '90-BLK-PF');
   insert into Items (Reciept, Ordinal, Item) values ( 12396 , 1,   '90-BER-11');
   insert into Items (Reciept, Ordinal, Item) values ( 12396 , 2,   '70-M-VA-SM-DZ');
   insert into Items (Reciept, Ordinal, Item) values ( 12396 , 3,   '51-BC');
   insert into Items (Reciept, Ordinal, Item) values ( 12396 , 4,   '90-APR-PF');
   insert into Items (Reciept, Ordinal, Item) values ( 12396 , 5,   '20-CA-7.5');
   insert into Items (Reciept, Ordinal, Item) values ( 43103 , 1,   '70-M-CH-DZ');
   insert into Items (Reciept, Ordinal, Item) values ( 39575 , 1,   '70-M-CH-DZ');
   insert into Items (Reciept, Ordinal, Item) values ( 70162 , 1,   '46-11');
   insert into Items (Reciept, Ordinal, Item) values ( 70162 , 2,   '70-M-CH-DZ');
   insert into Items (Reciept, Ordinal, Item) values ( 70162 , 3,   '50-APR');
   insert into Items (Reciept, Ordinal, Item) values ( 70162 , 4,   '70-MAR');
   insert into Items (Reciept, Ordinal, Item) values ( 23034 , 1,   '70-M-CH-DZ');
   insert into Items (Reciept, Ordinal, Item) values ( 23034 , 2,   '90-APR-PF');
   insert into Items (Reciept, Ordinal, Item) values ( 79296 , 1,   '90-PEC-11');
   insert into Items (Reciept, Ordinal, Item) values ( 79296 , 2,   '50-APR');
   insert into Items (Reciept, Ordinal, Item) values ( 79296 , 3,   '90-ALM-I');
   insert into Items (Reciept, Ordinal, Item) values ( 79296 , 4,   '51-BC');
   insert into Items (Reciept, Ordinal, Item) values ( 79296 , 5,   '90-PEC-11');
   insert into Items (Reciept, Ordinal, Item) values ( 74741 , 1,   '90-APP-11');
   insert into Items (Reciept, Ordinal, Item) values ( 74741 , 2,   '51-APP');
   insert into Items (Reciept, Ordinal, Item) values ( 74741 , 3,   '70-MAR');
   insert into Items (Reciept, Ordinal, Item) values ( 98806 , 1,   '26-8x10');
   insert into Items (Reciept, Ordinal, Item) values ( 98806 , 2,   '50-APR');
   insert into Items (Reciept, Ordinal, Item) values ( 98806 , 3,   '90-APIE-10');
   insert into Items (Reciept, Ordinal, Item) values ( 98806 , 4,   '51-APP');
   insert into Items (Reciept, Ordinal, Item) values ( 43752 , 1,   '90-BLU-11');
   insert into Items (Reciept, Ordinal, Item) values ( 47353 , 1,   '90-APR-PF');
   insert into Items (Reciept, Ordinal, Item) values ( 47353 , 2,   '90-APIE-10');
   insert into Items (Reciept, Ordinal, Item) values ( 47353 , 3,   '70-TU');
   insert into Items (Reciept, Ordinal, Item) values ( 47353 , 4,   '90-BLK-PF');
   insert into Items (Reciept, Ordinal, Item) values ( 39829 , 1,   '20-BC-L-10');
   insert into Items (Reciept, Ordinal, Item) values ( 87454 , 1,   '90-APIE-10');
   insert into Items (Reciept, Ordinal, Item) values ( 87454 , 2,   '50-APP');
   insert into Items (Reciept, Ordinal, Item) values ( 76663 , 1,   '25-STR-9');
   insert into Items (Reciept, Ordinal, Item) values ( 76663 , 2,   '90-APP-11');
   insert into Items (Reciept, Ordinal, Item) values ( 85492 , 1,   '70-M-CH-DZ');
   insert into Items (Reciept, Ordinal, Item) values ( 85492 , 2,   '25-STR-9');
   insert into Items (Reciept, Ordinal, Item) values ( 85492 , 3,   '90-BLU-11');
   insert into Items (Reciept, Ordinal, Item) values ( 85492 , 4,   '70-M-CH-DZ');
   insert into Items (Reciept, Ordinal, Item) values ( 48647 , 1,   '51-BC');
   insert into Items (Reciept, Ordinal, Item) values ( 48647 , 2,   '90-APIE-10');
   insert into Items (Reciept, Ordinal, Item) values ( 48647 , 3,   '90-CHR-11');
   insert into Items (Reciept, Ordinal, Item) values ( 61008 , 1,   '20-CA-7.5');
   insert into Items (Reciept, Ordinal, Item) values ( 61008 , 2,   '90-APP-11');
   insert into Items (Reciept, Ordinal, Item) values ( 96402 , 1,   '50-ALM');
   insert into Items (Reciept, Ordinal, Item) values ( 96402 , 2,   '20-CA-7.5');
   insert into Items (Reciept, Ordinal, Item) values ( 96402 , 3,   '90-APP-11');
   insert into Items (Reciept, Ordinal, Item) values ( 35904 , 1,   '46-11');
   insert into Items (Reciept, Ordinal, Item) values ( 35904 , 2,   '90-APR-PF');
   insert into Items (Reciept, Ordinal, Item) values ( 49845 , 1,   '90-BLK-PF');
   insert into Items (Reciept, Ordinal, Item) values ( 49845 , 2,   '70-LEM');
   insert into Items (Reciept, Ordinal, Item) values ( 49845 , 3,   '50-CH');
   insert into Items (Reciept, Ordinal, Item) values ( 49845 , 4,   '90-PEC-11');
   insert into Items (Reciept, Ordinal, Item) values ( 46014 , 1,   '51-ATW');
   insert into Items (Reciept, Ordinal, Item) values ( 46014 , 2,   '90-APR-PF');
   insert into Items (Reciept, Ordinal, Item) values ( 46014 , 3,   '45-VA');
   insert into Items (Reciept, Ordinal, Item) values ( 46014 , 4,   '90-CH-PF');
   insert into Items (Reciept, Ordinal, Item) values ( 46014 , 5,   '90-BLK-PF');
   insert into Items (Reciept, Ordinal, Item) values ( 46876 , 1,   '70-TU');
   insert into Items (Reciept, Ordinal, Item) values ( 46876 , 2,   '51-APP');
   insert into Items (Reciept, Ordinal, Item) values ( 34579 , 1,   '24-8x10');
   insert into Items (Reciept, Ordinal, Item) values ( 34579 , 2,   '70-GA');
   insert into Items (Reciept, Ordinal, Item) values ( 34579 , 3,   '70-TU');
   insert into Items (Reciept, Ordinal, Item) values ( 34579 , 4,   '26-8x10');
   insert into Items (Reciept, Ordinal, Item) values ( 17729 , 1,   '51-ATW');
   insert into Items (Reciept, Ordinal, Item) values ( 17729 , 2,   '50-APP');
   insert into Items (Reciept, Ordinal, Item) values ( 17729 , 3,   '90-BLU-11');
   insert into Items (Reciept, Ordinal, Item) values ( 17729 , 4,   '90-CH-PF');
   insert into Items (Reciept, Ordinal, Item) values ( 17729 , 5,   '20-CA-7.5');
   insert into Items (Reciept, Ordinal, Item) values ( 74952 , 1,   '45-VA');
   insert into Items (Reciept, Ordinal, Item) values ( 74952 , 2,   '90-APP-11');
   insert into Items (Reciept, Ordinal, Item) values ( 74952 , 3,   '90-BER-11');
   insert into Items (Reciept, Ordinal, Item) values ( 61948 , 1,   '70-MAR');
   insert into Items (Reciept, Ordinal, Item) values ( 61948 , 2,   '70-GON');
   insert into Items (Reciept, Ordinal, Item) values ( 61948 , 3,   '45-CH');
   insert into Items (Reciept, Ordinal, Item) values ( 61948 , 4,   '24-8x10');
   insert into Items (Reciept, Ordinal, Item) values ( 41064 , 1,   '70-R');
   insert into Items (Reciept, Ordinal, Item) values ( 41064 , 2,   '90-APR-PF');
   insert into Items (Reciept, Ordinal, Item) values ( 41064 , 3,   '51-APP');
   insert into Items (Reciept, Ordinal, Item) values ( 17947 , 1,   '50-APP');
   insert into Items (Reciept, Ordinal, Item) values ( 20913 , 1,   '90-LEM-11');
   insert into Items (Reciept, Ordinal, Item) values ( 20913 , 2,   '70-M-CH-DZ');
   insert into Items (Reciept, Ordinal, Item) values ( 20913 , 3,   '70-LEM');
   insert into Items (Reciept, Ordinal, Item) values ( 95514 , 1,   '45-CH');
   insert into Items (Reciept, Ordinal, Item) values ( 95514 , 2,   '46-11');
   insert into Items (Reciept, Ordinal, Item) values ( 95514 , 3,   '70-MAR');
   insert into Items (Reciept, Ordinal, Item) values ( 95514 , 4,   '51-APP');
   insert into Items (Reciept, Ordinal, Item) values ( 24829 , 1,   '20-CA-7.5');
   insert into Items (Reciept, Ordinal, Item) values ( 44590 , 1,   '90-BLU-11');
   insert into Items (Reciept, Ordinal, Item) values ( 44590 , 2,   '24-8x10');
   insert into Items (Reciept, Ordinal, Item) values ( 44590 , 3,   '90-BLU-11');
   insert into Items (Reciept, Ordinal, Item) values ( 44590 , 4,   '45-CH');
   insert into Items (Reciept, Ordinal, Item) values ( 44590 , 5,   '90-PEC-11');
   insert into Items (Reciept, Ordinal, Item) values ( 65165 , 1,   '24-8x10');
   insert into Items (Reciept, Ordinal, Item) values ( 65165 , 2,   '90-ALM-I');
   insert into Items (Reciept, Ordinal, Item) values ( 65165 , 3,   '70-R');
   insert into Items (Reciept, Ordinal, Item) values ( 65165 , 4,   '45-CO');
   insert into Items (Reciept, Ordinal, Item) values ( 89588 , 1,   '90-BLK-PF');
   insert into Items (Reciept, Ordinal, Item) values ( 53240 , 1,   '25-STR-9');
   insert into Items (Reciept, Ordinal, Item) values ( 53240 , 2,   '51-ATW');
   insert into Items (Reciept, Ordinal, Item) values ( 46674 , 1,   '51-BC');
   insert into Items (Reciept, Ordinal, Item) values ( 67946 , 1,   '90-PEC-11');
   insert into Items (Reciept, Ordinal, Item) values ( 67946 , 2,   '90-APR-PF');
   insert into Items (Reciept, Ordinal, Item) values ( 67946 , 3,   '90-APR-PF');
   insert into Items (Reciept, Ordinal, Item) values ( 67946 , 4,   '90-LEM-11');
   insert into Items (Reciept, Ordinal, Item) values ( 31233 , 1,   '70-M-VA-SM-DZ');
   insert into Items (Reciept, Ordinal, Item) values ( 31233 , 2,   '50-APR');
   insert into Items (Reciept, Ordinal, Item) values ( 31233 , 3,   '50-CHS');
   insert into Items (Reciept, Ordinal, Item) values ( 31233 , 4,   '51-BC');
   insert into Items (Reciept, Ordinal, Item) values ( 15904 , 1,   '90-CH-PF');
   insert into Items (Reciept, Ordinal, Item) values ( 17488 , 1,   '50-APP');
   insert into Items (Reciept, Ordinal, Item) values ( 97097 , 1,   '70-MAR');
   insert into Items (Reciept, Ordinal, Item) values ( 50512 , 1,   '90-APP-11');
   insert into Items (Reciept, Ordinal, Item) values ( 11548 , 1,   '45-CO');
   insert into Items (Reciept, Ordinal, Item) values ( 11548 , 2,   '90-APIE-10');
   insert into Items (Reciept, Ordinal, Item) values ( 29908 , 1,   '45-VA');
   insert into Items (Reciept, Ordinal, Item) values ( 29908 , 2,   '51-ATW');
   insert into Items (Reciept, Ordinal, Item) values ( 29908 , 3,   '25-STR-9');
   insert into Items (Reciept, Ordinal, Item) values ( 29908 , 4,   '70-GA');
   insert into Items (Reciept, Ordinal, Item) values ( 29908 , 5,   '90-CH-PF');
   insert into Items (Reciept, Ordinal, Item) values ( 20127 , 1,   '90-BER-11');
   insert into Items (Reciept, Ordinal, Item) values ( 20127 , 2,   '70-M-CH-DZ');
   insert into Items (Reciept, Ordinal, Item) values ( 41963 , 1,   '50-ALM');
   insert into Items (Reciept, Ordinal, Item) values ( 41963 , 2,   '90-CH-PF');
   insert into Items (Reciept, Ordinal, Item) values ( 16532 , 1,   '50-APP');
   insert into Items (Reciept, Ordinal, Item) values ( 16532 , 2,   '70-MAR');
   insert into Items (Reciept, Ordinal, Item) values ( 16532 , 3,   '70-TU');
   insert into Items (Reciept, Ordinal, Item) values ( 16532 , 4,   '24-8x10');
   insert into Items (Reciept, Ordinal, Item) values ( 34378 , 1,   '90-CHR-11');
   insert into Items (Reciept, Ordinal, Item) values ( 34378 , 2,   '45-VA');

