/* Lab 3: SQL DML, Schema Evolution */

/* --------------- AIRLINES ------------------- */

/* -- AIRLINES-1 --

Remove from the flights database all flights except those to or from the airport with code AKI. */
DELETE FROM Flights WHERE NOT(SourceAirport = 'AKI' OR DestAirport = 'AKI');

/* -- AIRLINES-2 -- 

For all flights NOT operated by Continental, AirTran or Virgin, increase the flight number by 2000.*/ 
UPDATE Flights
SET FlightNo = FlightNo + 2000
WHERE Airline = 7 OR Airline = 10 OR Airline = 12;

/* -- AIRLINES-3 -- 

Normalize all tables in the AIRLINES dataset to Third Normal Form (3NF).
ALTER TABLE flights ADD leg_room INTEGER;
UPDATE lab_assignments SET bad_sql_jokes = bad_sql_jokes + 1 WHERE lab_no = 3;*/

DROP TABLE if exists 3nf_Flights;
DROP TABLE if exists 3nf_Airlines;
DROP TABLE if exists 3nf_Airports;
DROP TABLE if exists 3nf_Airports_Location;

CREATE TABLE 3nf_Airlines(
   Id INTEGER primary key,
   Airline varchar(250),
   Abbreviation varchar(250),
   Country varchar(20) 
);

CREATE TABLE 3nf_Airports_Location(
	City varchar(250) primary key,
   	Country varchar(250),
   	CountryAbbrev varchar(10)
);

CREATE TABLE 3nf_Airports(
	City varchar(250),
   	AirportCode varchar(10) primary key,
   	AirportName varchar(250),

   	foreign key (City) references 3nf_Airports_Location (City)
);

CREATE TABLE 3nf_Flights(
   Airline INTEGER,
   FlightNo INTEGER,
   SourceAirport varchar(5),
   DestAirport varchar(5), 

   primary key (Airline, FlightNo),

   foreign key (Airline) references 3nf_Airlines (Id),
   foreign key (SourceAirport) references 3nf_Airports (AirportCode),
   foreign key (DestAirport) references 3nf_Airports (AirportCode)
);

/* populating the new normalized TABLES */
	insert into 3nf_Airlines (Id, Airline, Abbreviation, Country) values ( 1 ,'United Airlines', 'UAL', 'USA');
	insert into 3nf_Airlines (Id, Airline, Abbreviation, Country) values ( 2 ,'US Airways', 'USAir', 'USA');
	insert into 3nf_Airlines (Id, Airline, Abbreviation, Country) values ( 3 ,'Delta Airlines', 'Delta', 'USA');
	insert into 3nf_Airlines (Id, Airline, Abbreviation, Country) values ( 4 ,'Southwest Airlines', 'Southwest', 'USA');
	insert into 3nf_Airlines (Id, Airline, Abbreviation, Country) values ( 5 ,'American Airlines', 'American', 'USA');
	insert into 3nf_Airlines (Id, Airline, Abbreviation, Country) values ( 6 ,'Northwest Airlines', 'Northwest', 'USA');
	insert into 3nf_Airlines (Id, Airline, Abbreviation, Country) values ( 7 ,'Continental Airlines', 'Continental', 'USA');
	insert into 3nf_Airlines (Id, Airline, Abbreviation, Country) values ( 8 ,'JetBlue Airways', 'JetBlue', 'USA');
	insert into 3nf_Airlines (Id, Airline, Abbreviation, Country) values ( 9 ,'Frontier Airlines', 'Frontier', 'USA');
	insert into 3nf_Airlines (Id, Airline, Abbreviation, Country) values ( 10 ,'AirTran Airways', 'AirTran', 'USA');
	insert into 3nf_Airlines (Id, Airline, Abbreviation, Country) values ( 11 ,'Allegiant Air', 'Allegiant', 'USA');
	insert into 3nf_Airlines (Id, Airline, Abbreviation, Country) values ( 12 ,'Virgin America', 'Virgin', 'USA');

	insert into 3nf_Airports_Location (City, Country, CountryAbbrev) values ( 'Aberdeen ' ,'United States ', 'US ');
	insert into 3nf_Airports_Location (City, Country, CountryAbbrev) values ( 'Abilene ' ,'United States ', 'US ');
	insert into 3nf_Airports_Location (City, Country, CountryAbbrev) values ( 'Abingdon ' ,'United States ', 'US ');
	insert into 3nf_Airports_Location (City, Country, CountryAbbrev) values ( 'Ada ' ,'United States ', 'US ');
	insert into 3nf_Airports_Location (City, Country, CountryAbbrev) values ( 'Adak Island ' ,'United States ', 'US ');
	insert into 3nf_Airports_Location (City, Country, CountryAbbrev) values ( 'Adrian ' ,'United States ', 'US ');
	insert into 3nf_Airports_Location (City, Country, CountryAbbrev) values ( 'Afton ' ,'United States ', 'US ');
	insert into 3nf_Airports_Location (City, Country, CountryAbbrev) values ( 'Aiken ' ,'United States ', 'US ');
	insert into 3nf_Airports_Location (City, Country, CountryAbbrev) values ( 'Ainsworth ' ,'United States ', 'US ');
	insert into 3nf_Airports_Location (City, Country, CountryAbbrev) values ( 'Akhiok ' ,'United States ', 'US ');
	insert into 3nf_Airports_Location (City, Country, CountryAbbrev) values ( 'Akiachak ' ,'United States ', 'US ');
	insert into 3nf_Airports_Location (City, Country, CountryAbbrev) values ( 'Akiak ' ,'United States ', 'US ');
	insert into 3nf_Airports_Location (City, Country, CountryAbbrev) values ( 'Akron CO '  ,'United States ', 'US ');
	insert into 3nf_Airports_Location (City, Country, CountryAbbrev) values ( 'Akron/Canton OH '  ,'United States ', 'US ');
	insert into 3nf_Airports_Location (City, Country, CountryAbbrev) values ( 'Akron/Canton ' ,'United States ', 'US ');
	insert into 3nf_Airports_Location (City, Country, CountryAbbrev) values ( 'Akutan ' ,'United States ', 'US ');
	insert into 3nf_Airports_Location (City, Country, CountryAbbrev) values ( 'Alakanuk ' ,'United States ', 'US ');
	insert into 3nf_Airports_Location (City, Country, CountryAbbrev) values ( 'Alameda ' ,'United States ', 'US ');
	insert into 3nf_Airports_Location (City, Country, CountryAbbrev) values ( 'Alamogordo ' ,'United States ', 'US ');
	insert into 3nf_Airports_Location (City, Country, CountryAbbrev) values ( 'Alamosa ' ,'United States ', 'US ');
	insert into 3nf_Airports_Location (City, Country, CountryAbbrev) values ( 'Albany ' ,'United States ', 'US ');
	insert into 3nf_Airports_Location (City, Country, CountryAbbrev) values ( 'Albert Lea ' ,'United States ', 'US ');
	insert into 3nf_Airports_Location (City, Country, CountryAbbrev) values ( 'Albuquerque ' ,'United States ', 'US ');
	insert into 3nf_Airports_Location (City, Country, CountryAbbrev) values ( 'Aleknagik ' ,'United States ', 'US ');
	insert into 3nf_Airports_Location (City, Country, CountryAbbrev) values ( 'Aleneva ' ,'United States ', 'US ');
	insert into 3nf_Airports_Location (City, Country, CountryAbbrev) values ( 'Alexander City AL '  ,'United States ', 'US ');
	insert into 3nf_Airports_Location (City, Country, CountryAbbrev) values ( 'Alexandria LA '  ,'United States ', 'US ');
	insert into 3nf_Airports_Location (City, Country, CountryAbbrev) values ( 'Alexandria ' ,'United States ', 'US ');
	insert into 3nf_Airports_Location (City, Country, CountryAbbrev) values ( 'Alexandria Bay ' ,'United States ', 'US ');
	insert into 3nf_Airports_Location (City, Country, CountryAbbrev) values ( 'Algona ' ,'United States ', 'US ');
	insert into 3nf_Airports_Location (City, Country, CountryAbbrev) values ( 'Alice ' ,'United States ', 'US ');
	insert into 3nf_Airports_Location (City, Country, CountryAbbrev) values ( 'Aliceville AL '  ,'United States ', 'US ');
	insert into 3nf_Airports_Location (City, Country, CountryAbbrev) values ( 'Alitak ' ,'United States ', 'US ');
	insert into 3nf_Airports_Location (City, Country, CountryAbbrev) values ( 'Allakaket ' ,'United States ', 'US ');
	insert into 3nf_Airports_Location (City, Country, CountryAbbrev) values ( 'Alliance ' ,'United States ', 'US ');
	insert into 3nf_Airports_Location (City, Country, CountryAbbrev) values ( 'Alma ' ,'United States ', 'US ');
	insert into 3nf_Airports_Location (City, Country, CountryAbbrev) values ( 'Alpena ' ,'United States ', 'US ');
	insert into 3nf_Airports_Location (City, Country, CountryAbbrev) values ( 'Alpine ' ,'United States ', 'US ');
	insert into 3nf_Airports_Location (City, Country, CountryAbbrev) values ( 'Alton ' ,'United States ', 'US ');
	insert into 3nf_Airports_Location (City, Country, CountryAbbrev) values ( 'Altus ' ,'United States ', 'US ');
	insert into 3nf_Airports_Location (City, Country, CountryAbbrev) values ( 'Alyeska ' ,'United States ', 'US ');
	insert into 3nf_Airports_Location (City, Country, CountryAbbrev) values ( 'Amarillo ' ,'United States ', 'US ');
	insert into 3nf_Airports_Location (City, Country, CountryAbbrev) values ( 'Ambler ' ,'United States ', 'US ');
	insert into 3nf_Airports_Location (City, Country, CountryAbbrev) values ( 'Amchitka ' ,'United States ', 'US ');
	insert into 3nf_Airports_Location (City, Country, CountryAbbrev) values ( 'Amery ' ,'United States ', 'US ');
	insert into 3nf_Airports_Location (City, Country, CountryAbbrev) values ( 'Ames ' ,'United States ', 'US ');
	insert into 3nf_Airports_Location (City, Country, CountryAbbrev) values ( 'Amityville ' ,'United States ', 'US ');
	insert into 3nf_Airports_Location (City, Country, CountryAbbrev) values ( 'Amook ' ,'United States ', 'US ');
	insert into 3nf_Airports_Location (City, Country, CountryAbbrev) values ( 'Anacortes ' ,'United States ', 'US ');
	insert into 3nf_Airports_Location (City, Country, CountryAbbrev) values ( 'Anacostia ' ,'United States ', 'US ');
	insert into 3nf_Airports_Location (City, Country, CountryAbbrev) values ( 'Anaheim ' ,'United States ', 'US ');
	insert into 3nf_Airports_Location (City, Country, CountryAbbrev) values ( 'Anaktuvuk ' ,'United States ', 'US ');
	insert into 3nf_Airports_Location (City, Country, CountryAbbrev) values ( 'Anchorage ' ,'United States ', 'US ');
	insert into 3nf_Airports_Location (City, Country, CountryAbbrev) values ( 'Anderson ' ,'United States ', 'US ');
	insert into 3nf_Airports_Location (City, Country, CountryAbbrev) values ( 'Andrews ' ,'United States ', 'US ');
	insert into 3nf_Airports_Location (City, Country, CountryAbbrev) values ( 'Angel Fire ' ,'United States ', 'US ');
	insert into 3nf_Airports_Location (City, Country, CountryAbbrev) values ( 'Angola ' ,'United States ', 'US ');
	insert into 3nf_Airports_Location (City, Country, CountryAbbrev) values ( 'Angoon ' ,'United States ', 'US ');
	insert into 3nf_Airports_Location (City, Country, CountryAbbrev) values ( 'Anguilla ' ,'United States ', 'US ');
	insert into 3nf_Airports_Location (City, Country, CountryAbbrev) values ( 'Aniak ' ,'United States ', 'US ');
	insert into 3nf_Airports_Location (City, Country, CountryAbbrev) values ( 'Anita Bay ' ,'United States ', 'US ');
	insert into 3nf_Airports_Location (City, Country, CountryAbbrev) values ( 'Ann Arbor MI '  ,'United States ', 'US ');
	insert into 3nf_Airports_Location (City, Country, CountryAbbrev) values ( 'Annapolis ' ,'United States ', 'US ');
	insert into 3nf_Airports_Location (City, Country, CountryAbbrev) values ( 'Annette Island ' ,'United States ', 'US ');
	insert into 3nf_Airports_Location (City, Country, CountryAbbrev) values ( 'Anniston AL '  ,'United States ', 'US ');
	insert into 3nf_Airports_Location (City, Country, CountryAbbrev) values ( 'Anniston ' ,'United States ', 'US ');
	insert into 3nf_Airports_Location (City, Country, CountryAbbrev) values ( 'Anthony ' ,'United States ', 'US ');
	insert into 3nf_Airports_Location (City, Country, CountryAbbrev) values ( 'Antlers ' ,'United States ', 'US ');
	insert into 3nf_Airports_Location (City, Country, CountryAbbrev) values ( 'Anvik ' ,'United States ', 'US ');
	insert into 3nf_Airports_Location (City, Country, CountryAbbrev) values ( 'Apalachicola ' ,'United States ', 'US ');
	insert into 3nf_Airports_Location (City, Country, CountryAbbrev) values ( 'Apple Valley ' ,'United States ', 'US ');
	insert into 3nf_Airports_Location (City, Country, CountryAbbrev) values ( 'Appleton ' ,'United States ', 'US ');
	insert into 3nf_Airports_Location (City, Country, CountryAbbrev) values ( 'Arapahoe ' ,'United States ', 'US ');
	insert into 3nf_Airports_Location (City, Country, CountryAbbrev) values ( 'Arcata ' ,'United States ', 'US ');
	insert into 3nf_Airports_Location (City, Country, CountryAbbrev) values ( 'Arctic Village ' ,'United States ', 'US ');
	insert into 3nf_Airports_Location (City, Country, CountryAbbrev) values ( 'Ardmore ' ,'United States ', 'US ');
	insert into 3nf_Airports_Location (City, Country, CountryAbbrev) values ( 'Arlington Heights ' ,'United States ', 'US ');
	insert into 3nf_Airports_Location (City, Country, CountryAbbrev) values ( 'Artesia ' ,'United States ', 'US ');
	insert into 3nf_Airports_Location (City, Country, CountryAbbrev) values ( 'Neptune '  ,'United States ', 'US ');
	insert into 3nf_Airports_Location (City, Country, CountryAbbrev) values ( 'Ashland ' ,'United States ', 'US ');
	insert into 3nf_Airports_Location (City, Country, CountryAbbrev) values ( 'Ashley ' ,'United States ', 'US ');
	insert into 3nf_Airports_Location (City, Country, CountryAbbrev) values ( 'Aspen ' ,'United States ', 'US ');
	insert into 3nf_Airports_Location (City, Country, CountryAbbrev) values ( 'Astoria ' ,'United States ', 'US ');
	insert into 3nf_Airports_Location (City, Country, CountryAbbrev) values ( 'Athens ' ,'United States ', 'US ');

	insert into 3nf_Airports (City, AirportCode, AirportName) values ( 'Aberdeen ' ,'APG', 'Phillips AAF ');
	insert into 3nf_Airports (City, AirportCode, AirportName) values ( 'Aberdeen ' ,'ABR', 'Municipal ');
	insert into 3nf_Airports (City, AirportCode, AirportName) values ( 'Abilene ' ,'DYS', 'Dyess AFB ');
	insert into 3nf_Airports (City, AirportCode, AirportName) values ( 'Abilene ' ,'ABI', 'Municipal ');
	insert into 3nf_Airports (City, AirportCode, AirportName) values ( 'Abingdon ' ,'VJI', 'Virginia Highlands ');
	insert into 3nf_Airports (City, AirportCode, AirportName) values ( 'Ada ' ,'ADT', 'Ada ');
	insert into 3nf_Airports (City, AirportCode, AirportName) values ( 'Adak Island ' ,'ADK', 'Adak Island Ns ');
	insert into 3nf_Airports (City, AirportCode, AirportName) values ( 'Adrian ' ,'ADG', 'Lenawee County ');
	insert into 3nf_Airports (City, AirportCode, AirportName) values ( 'Afton ' ,'AFO', 'Municipal ');
	insert into 3nf_Airports (City, AirportCode, AirportName) values ( 'Aiken ' ,'AIK', 'Municipal ');
	insert into 3nf_Airports (City, AirportCode, AirportName) values ( 'Ainsworth ' ,'ANW', 'Ainsworth ');
	insert into 3nf_Airports (City, AirportCode, AirportName) values ( 'Akhiok ' ,'AKK', 'Akhiok SPB ');
	insert into 3nf_Airports (City, AirportCode, AirportName) values ( 'Akiachak ' ,'KKI', 'Spb ');
	insert into 3nf_Airports (City, AirportCode, AirportName) values ( 'Akiak ' ,'AKI', 'Akiak ');
	insert into 3nf_Airports (City, AirportCode, AirportName) values ( 'Akron CO '  ,'AKO', 'Colorado Plains Regional Airport ');
	insert into 3nf_Airports (City, AirportCode, AirportName) values ( 'Akron/Canton OH '  ,'CAK', 'Akron/canton Regional ');
	insert into 3nf_Airports (City, AirportCode, AirportName) values ( 'Akron/Canton ' ,'AKC', 'Fulton International ');
	insert into 3nf_Airports (City, AirportCode, AirportName) values ( 'Akutan ' ,'KQA', 'Akutan ');
	insert into 3nf_Airports (City, AirportCode, AirportName) values ( 'Alakanuk ' ,'AUK', 'Alakanuk ');
	insert into 3nf_Airports (City, AirportCode, AirportName) values ( 'Alameda ' ,'NGZ', 'NAS ');
	insert into 3nf_Airports (City, AirportCode, AirportName) values ( 'Alamogordo ' ,'HMN', 'Holloman AFB ');
	insert into 3nf_Airports (City, AirportCode, AirportName) values ( 'Alamogordo ' ,'ALM', 'Municipal ');
	insert into 3nf_Airports (City, AirportCode, AirportName) values ( 'Alamosa ' ,'ALS', 'Municipal ');
	insert into 3nf_Airports (City, AirportCode, AirportName) values ( 'Albany ' ,'NAB', 'Albany NAS ');
	insert into 3nf_Airports (City, AirportCode, AirportName) values ( 'Albany ' ,'ABY', 'Dougherty County ');
	insert into 3nf_Airports (City, AirportCode, AirportName) values ( 'Albany ' ,'ALB', 'Albany International ');
	insert into 3nf_Airports (City, AirportCode, AirportName) values ( 'Albany ' ,'CVO', 'Albany ');
	insert into 3nf_Airports (City, AirportCode, AirportName) values ( 'Albert Lea ' ,'AEL', 'Albert Lea ');
	insert into 3nf_Airports (City, AirportCode, AirportName) values ( 'Albuquerque ' ,'ABQ', 'Albuquerque International ');
	insert into 3nf_Airports (City, AirportCode, AirportName) values ( 'Aleknagik ' ,'WKK', 'Aleknagik ');
	insert into 3nf_Airports (City, AirportCode, AirportName) values ( 'Aleneva ' ,'AED', 'Aleneva ');
	insert into 3nf_Airports (City, AirportCode, AirportName) values ( 'Alexander City AL '  ,'ALX', 'Thomas C Russell Fld ');
	insert into 3nf_Airports (City, AirportCode, AirportName) values ( 'Alexandria LA '  ,'AEX', 'Alexandria International ');
	insert into 3nf_Airports (City, AirportCode, AirportName) values ( 'Alexandria ' ,'ESF', 'Esler Field ');
	insert into 3nf_Airports (City, AirportCode, AirportName) values ( 'Alexandria ' ,'AXN', 'Alexandria ');
	insert into 3nf_Airports (City, AirportCode, AirportName) values ( 'Alexandria Bay ' ,'AXB', 'Alexandria Bay ');
	insert into 3nf_Airports (City, AirportCode, AirportName) values ( 'Algona ' ,'AXG', 'Algona ');
	insert into 3nf_Airports (City, AirportCode, AirportName) values ( 'Alice ' ,'ALI', 'International ');
	insert into 3nf_Airports (City, AirportCode, AirportName) values (  'Aliceville AL '  ,'AIV', 'George Downer ');
	insert into 3nf_Airports (City, AirportCode, AirportName) values ( 'Alitak ' ,'ALZ', 'Alitak SPB ');
	insert into 3nf_Airports (City, AirportCode, AirportName) values ( 'Allakaket ' ,'AET', 'Allakaket ');
	insert into 3nf_Airports (City, AirportCode, AirportName) values ( 'Alliance ' ,'AIA', 'Alliance ');
	insert into 3nf_Airports (City, AirportCode, AirportName) values ( 'Alma ' ,'AMN', 'Gratiot Community ');
	insert into 3nf_Airports (City, AirportCode, AirportName) values ( 'Alpena ' ,'APN', 'Alpena County Regional ');
	insert into 3nf_Airports (City, AirportCode, AirportName) values ( 'Alpine ' ,'ALE', 'Alpine ');
	insert into 3nf_Airports (City, AirportCode, AirportName) values ( 'Alton ' ,'ALN', 'Alton ');
	insert into 3nf_Airports (City, AirportCode, AirportName) values ( 'Altus ' ,'LTS', 'Altus AFB ');
	insert into 3nf_Airports (City, AirportCode, AirportName) values ( 'Altus ' ,'AXS', 'Municipal ');
	insert into 3nf_Airports (City, AirportCode, AirportName) values ( 'Alyeska ' ,'AQY', 'Alyeska ');
	insert into 3nf_Airports (City, AirportCode, AirportName) values ( 'Amarillo '  ,'AMA', 'Rick Husband Amarillo International ');
	insert into 3nf_Airports (City, AirportCode, AirportName) values ( 'Amarillo ' ,'TDW', 'Tradewind ');
	insert into 3nf_Airports (City, AirportCode, AirportName) values ( 'Ambler ' ,'ABL', 'Ambler ');
	insert into 3nf_Airports (City, AirportCode, AirportName) values ( 'Amchitka ' ,'AHT', 'Amchitka ');
	insert into 3nf_Airports (City, AirportCode, AirportName) values ( 'Amery ' ,'AHH', 'Municipal ');
	insert into 3nf_Airports (City, AirportCode, AirportName) values ( 'Ames ' ,'AMW', 'Ames ');
	insert into 3nf_Airports (City, AirportCode, AirportName) values ( 'Amityville ' ,'AYZ', 'Zahns ');
	insert into 3nf_Airports (City, AirportCode, AirportName) values ( 'Amook ' ,'AOS', 'Amook ');
	insert into 3nf_Airports (City, AirportCode, AirportName) values ( 'Anacortes ' ,'OTS', 'Anacortes ');
	insert into 3nf_Airports (City, AirportCode, AirportName) values ( 'Anacostia ' ,'NDV', 'USN Heliport ');
	insert into 3nf_Airports (City, AirportCode, AirportName) values ( 'Anaheim ' ,'ANA', 'Orange County Steel Salvage Heliport ');
	insert into 3nf_Airports (City, AirportCode, AirportName) values ( 'Anaktuvuk ' ,'AKP', 'Anaktuvuk ');
	insert into 3nf_Airports (City, AirportCode, AirportName) values ( 'Anchorage ' ,'EDF', 'Elmendorf Afb ');
	insert into 3nf_Airports (City, AirportCode, AirportName) values ( 'Anchorage ' ,'ANC', 'Ted Stevens Anchorage International Airport ');
	insert into 3nf_Airports (City, AirportCode, AirportName) values ( 'Anchorage ' ,'MRI', 'Merrill Field ');
	insert into 3nf_Airports (City, AirportCode, AirportName) values ( 'Anderson ' ,'AID', 'Municipal ');
	insert into 3nf_Airports (City, AirportCode, AirportName) values ( 'Anderson ' ,'AND', 'Anderson ');
	insert into 3nf_Airports (City, AirportCode, AirportName) values ( 'Andrews ' ,'ADR', 'Andrews ');
	insert into 3nf_Airports (City, AirportCode, AirportName) values ( 'Angel Fire ' ,'AXX', 'Angel Fire ');
	insert into 3nf_Airports (City, AirportCode, AirportName) values ( 'Angola ' ,'ANQ', 'Tri-State Steuben Cty ');
	insert into 3nf_Airports (City, AirportCode, AirportName) values ( 'Angoon ' ,'AGN', 'Angoon ');
	insert into 3nf_Airports (City, AirportCode, AirportName) values ( 'Anguilla ' ,'RFK', 'Rollang Field ');
	insert into 3nf_Airports (City, AirportCode, AirportName) values ( 'Aniak ' ,'ANI', 'Aniak ');
	insert into 3nf_Airports (City, AirportCode, AirportName) values ( 'Anita Bay ' ,'AIB', 'Anita Bay ');
	insert into 3nf_Airports (City, AirportCode, AirportName) values ( 'Ann Arbor MI '  ,'ARB', 'Municipal ');
	insert into 3nf_Airports (City, AirportCode, AirportName) values ( 'Annapolis ' ,'ANP', 'Lee ');
	insert into 3nf_Airports (City, AirportCode, AirportName) values ( 'Annette Island ' ,'ANN', 'Annette Island ');
	insert into 3nf_Airports (City, AirportCode, AirportName) values ( 'Anniston AL '  ,'ANB', 'Anniston Metropolitan ');
	insert into 3nf_Airports (City, AirportCode, AirportName) values ( 'Anniston ' ,'QAW', 'Ft Mcclellan Bus Trml ');
	insert into 3nf_Airports (City, AirportCode, AirportName) values ( 'Anniston ' ,'RLI', 'Reilly AHP ');
	insert into 3nf_Airports (City, AirportCode, AirportName) values ( 'Anthony ' ,'ANY', 'Anthony ');
	insert into 3nf_Airports (City, AirportCode, AirportName) values ( 'Antlers ' ,'ATE', 'Antlers ');
	insert into 3nf_Airports (City, AirportCode, AirportName) values ( 'Anvik ' ,'ANV', 'Anvik ');
	insert into 3nf_Airports (City, AirportCode, AirportName) values ( 'Apalachicola ' ,'AAF', 'Municipal ');
	insert into 3nf_Airports (City, AirportCode, AirportName) values ( 'Apple Valley ' ,'APV', 'Apple Valley ');
	insert into 3nf_Airports (City, AirportCode, AirportName) values ( 'Appleton ' ,'ATW', 'Outagamie County ');
	insert into 3nf_Airports (City, AirportCode, AirportName) values ( 'Arapahoe ' ,'AHF', 'Municipal ');
	insert into 3nf_Airports (City, AirportCode, AirportName) values ( 'Arcata ' ,'ACV', 'Arcata ');
	insert into 3nf_Airports (City, AirportCode, AirportName) values ( 'Arctic Village ' ,'ARC', 'Arctic Village ');
	insert into 3nf_Airports (City, AirportCode, AirportName) values ( 'Ardmore ' ,'AHD', 'Downtown ');
	insert into 3nf_Airports (City, AirportCode, AirportName) values ( 'Ardmore ' ,'ADM', 'Ardmore Municipal Arpt ');
	insert into 3nf_Airports (City, AirportCode, AirportName) values ( 'Arlington Heights ' ,'JLH', 'US Army Heliport ');
	insert into 3nf_Airports (City, AirportCode, AirportName) values ( 'Artesia ' ,'ATS', 'Artesia ');
	insert into 3nf_Airports (City, AirportCode, AirportName) values ( 'Neptune '  ,'ARX', 'Asbury Park ');
	insert into 3nf_Airports (City, AirportCode, AirportName) values ( 'Ashland ' ,'ASX', 'Ashland ');
	insert into 3nf_Airports (City, AirportCode, AirportName) values ( 'Ashley ' ,'ASY', 'Ashley ');
	insert into 3nf_Airports (City, AirportCode, AirportName) values ( 'Aspen ' ,'ASE', 'Aspen ');
	insert into 3nf_Airports (City, AirportCode, AirportName) values ( 'Astoria ' ,'AST', 'Astoria ');
	insert into 3nf_Airports (City, AirportCode, AirportName) values ( 'Athens ' ,'AHN', 'Athens ');
	insert into 3nf_Airports (City, AirportCode, AirportName) values ( 'Athens ' ,'ATO', 'Ohio University ');
	insert into 3nf_Airports (City, AirportCode, AirportName) values ( 'Athens ' ,'MMI', 'McMinn County ');

	insert into 3nf_Flights (Airline, FlightNo, SourceAirport, DestAirport) values ( 1 , 28,  'APG',  'ASY');
	insert into 3nf_Flights (Airline, FlightNo, SourceAirport, DestAirport) values ( 1 , 29,  'ASY',  'APG');
	insert into 3nf_Flights (Airline, FlightNo, SourceAirport, DestAirport) values ( 1 , 44,  'CVO',  'ACV');
	insert into 3nf_Flights (Airline, FlightNo, SourceAirport, DestAirport) values ( 1 , 45,  'ACV',  'CVO');
	insert into 3nf_Flights (Airline, FlightNo, SourceAirport, DestAirport) values ( 1 , 54,  'AHD',  'AHT');
	insert into 3nf_Flights (Airline, FlightNo, SourceAirport, DestAirport) values ( 1 , 55,  'AHT',  'AHD');
	insert into 3nf_Flights (Airline, FlightNo, SourceAirport, DestAirport) values ( 1 , 90,  'ATO',  'ABR');
	insert into 3nf_Flights (Airline, FlightNo, SourceAirport, DestAirport) values ( 1 , 91,  'ABR',  'ATO');
	insert into 3nf_Flights (Airline, FlightNo, SourceAirport, DestAirport) values ( 1 , 108,  'ANV',  'MMI');
	insert into 3nf_Flights (Airline, FlightNo, SourceAirport, DestAirport) values ( 1 , 109,  'MMI',  'ANV');
	insert into 3nf_Flights (Airline, FlightNo, SourceAirport, DestAirport) values ( 1 , 142,  'ALI',  'AKC');
	insert into 3nf_Flights (Airline, FlightNo, SourceAirport, DestAirport) values ( 1 , 143,  'AKC',  'ALI');
	insert into 3nf_Flights (Airline, FlightNo, SourceAirport, DestAirport) values ( 1 , 148,  'HMN',  'ABL');
	insert into 3nf_Flights (Airline, FlightNo, SourceAirport, DestAirport) values ( 1 , 149,  'ABL',  'HMN');
	insert into 3nf_Flights (Airline, FlightNo, SourceAirport, DestAirport) values ( 1 , 198,  'NGZ',  'AAF');
	insert into 3nf_Flights (Airline, FlightNo, SourceAirport, DestAirport) values ( 1 , 199,  'AAF',  'NGZ');
	insert into 3nf_Flights (Airline, FlightNo, SourceAirport, DestAirport) values ( 1 , 226,  'CVO',  'KKI');
	insert into 3nf_Flights (Airline, FlightNo, SourceAirport, DestAirport) values ( 1 , 227,  'KKI',  'CVO');
	insert into 3nf_Flights (Airline, FlightNo, SourceAirport, DestAirport) values ( 1 , 276,  'ARB',  'ANV');
	insert into 3nf_Flights (Airline, FlightNo, SourceAirport, DestAirport) values ( 1 , 277,  'ANV',  'ARB');
	insert into 3nf_Flights (Airline, FlightNo, SourceAirport, DestAirport) values ( 1 , 308,  'ATE',  'AKC');
	insert into 3nf_Flights (Airline, FlightNo, SourceAirport, DestAirport) values ( 1 , 309,  'AKC',  'ATE');
	insert into 3nf_Flights (Airline, FlightNo, SourceAirport, DestAirport) values ( 1 , 326,  'ALX',  'ALI');
	insert into 3nf_Flights (Airline, FlightNo, SourceAirport, DestAirport) values ( 1 , 327,  'ALI',  'ALX');
	insert into 3nf_Flights (Airline, FlightNo, SourceAirport, DestAirport) values ( 1 , 370,  'AKC',  'WKK');
	insert into 3nf_Flights (Airline, FlightNo, SourceAirport, DestAirport) values ( 1 , 371,  'WKK',  'AKC');
	insert into 3nf_Flights (Airline, FlightNo, SourceAirport, DestAirport) values ( 1 , 414,  'AAF',  'ALB');
	insert into 3nf_Flights (Airline, FlightNo, SourceAirport, DestAirport) values ( 1 , 415,  'ALB',  'AAF');
	insert into 3nf_Flights (Airline, FlightNo, SourceAirport, DestAirport) values ( 1 , 424,  'ADG',  'AOS');
	insert into 3nf_Flights (Airline, FlightNo, SourceAirport, DestAirport) values ( 1 , 425,  'AOS',  'ADG');
	insert into 3nf_Flights (Airline, FlightNo, SourceAirport, DestAirport) values ( 1 , 470,  'ABQ',  'MMI');
	insert into 3nf_Flights (Airline, FlightNo, SourceAirport, DestAirport) values ( 1 , 471,  'MMI',  'ABQ');
	insert into 3nf_Flights (Airline, FlightNo, SourceAirport, DestAirport) values ( 1 , 520,  'AIV',  'ALS');
	insert into 3nf_Flights (Airline, FlightNo, SourceAirport, DestAirport) values ( 1 , 521,  'ALS',  'AIV');
	insert into 3nf_Flights (Airline, FlightNo, SourceAirport, DestAirport) values ( 1 , 556,  'AYZ',  'AHD');
	insert into 3nf_Flights (Airline, FlightNo, SourceAirport, DestAirport) values ( 1 , 557,  'AHD',  'AYZ');
	insert into 3nf_Flights (Airline, FlightNo, SourceAirport, DestAirport) values ( 1 , 560,  'AHF',  'ATO');
	insert into 3nf_Flights (Airline, FlightNo, SourceAirport, DestAirport) values ( 1 , 561,  'ATO',  'AHF');
	insert into 3nf_Flights (Airline, FlightNo, SourceAirport, DestAirport) values ( 1 , 604,  'ADG',  'ANN');
	insert into 3nf_Flights (Airline, FlightNo, SourceAirport, DestAirport) values ( 1 , 605,  'ANN',  'ADG');
	insert into 3nf_Flights (Airline, FlightNo, SourceAirport, DestAirport) values ( 1 , 608,  'AST',  'DYS');
	insert into 3nf_Flights (Airline, FlightNo, SourceAirport, DestAirport) values ( 1 , 609,  'DYS',  'AST');
	insert into 3nf_Flights (Airline, FlightNo, SourceAirport, DestAirport) values ( 1 , 626,  'AKI',  'AEL');
	insert into 3nf_Flights (Airline, FlightNo, SourceAirport, DestAirport) values ( 1 , 627,  'AEL',  'AKI');
	insert into 3nf_Flights (Airline, FlightNo, SourceAirport, DestAirport) values ( 1 , 658,  'ARC',  'ALM');
	insert into 3nf_Flights (Airline, FlightNo, SourceAirport, DestAirport) values ( 1 , 659,  'ALM',  'ARC');
	insert into 3nf_Flights (Airline, FlightNo, SourceAirport, DestAirport) values ( 1 , 708,  'AXB',  'AFO');
	insert into 3nf_Flights (Airline, FlightNo, SourceAirport, DestAirport) values ( 1 , 709,  'AFO',  'AXB');
	insert into 3nf_Flights (Airline, FlightNo, SourceAirport, DestAirport) values ( 1 , 744,  'AED',  'OTS');
	insert into 3nf_Flights (Airline, FlightNo, SourceAirport, DestAirport) values ( 1 , 745,  'OTS',  'AED');
	insert into 3nf_Flights (Airline, FlightNo, SourceAirport, DestAirport) values ( 1 , 754,  'CVO',  'ANY');
	insert into 3nf_Flights (Airline, FlightNo, SourceAirport, DestAirport) values ( 1 , 755,  'ANY',  'CVO');
	insert into 3nf_Flights (Airline, FlightNo, SourceAirport, DestAirport) values ( 1 , 786,  'ACV',  'AHD');
	insert into 3nf_Flights (Airline, FlightNo, SourceAirport, DestAirport) values ( 1 , 787,  'AHD',  'ACV');
	insert into 3nf_Flights (Airline, FlightNo, SourceAirport, DestAirport) values ( 1 , 810,  'ARC',  'AQY');
	insert into 3nf_Flights (Airline, FlightNo, SourceAirport, DestAirport) values ( 1 , 811,  'AQY',  'ARC');
	insert into 3nf_Flights (Airline, FlightNo, SourceAirport, DestAirport) values ( 1 , 828,  'HMN',  'EDF');
	insert into 3nf_Flights (Airline, FlightNo, SourceAirport, DestAirport) values ( 1 , 829,  'EDF',  'HMN');
	insert into 3nf_Flights (Airline, FlightNo, SourceAirport, DestAirport) values ( 1 , 878,  'KKI',  'ALM');
	insert into 3nf_Flights (Airline, FlightNo, SourceAirport, DestAirport) values ( 1 , 879,  'ALM',  'KKI');
	insert into 3nf_Flights (Airline, FlightNo, SourceAirport, DestAirport) values ( 1 , 888,  'ALZ',  'ANW');
	insert into 3nf_Flights (Airline, FlightNo, SourceAirport, DestAirport) values ( 1 , 889,  'ANW',  'ALZ');
	insert into 3nf_Flights (Airline, FlightNo, SourceAirport, DestAirport) values ( 1 , 900,  'AHT',  'AXX');
	insert into 3nf_Flights (Airline, FlightNo, SourceAirport, DestAirport) values ( 1 , 901,  'AXX',  'AHT');
	insert into 3nf_Flights (Airline, FlightNo, SourceAirport, DestAirport) values ( 1 , 924,  'AXG',  'ASX');
	insert into 3nf_Flights (Airline, FlightNo, SourceAirport, DestAirport) values ( 1 , 925,  'ASX',  'AXG');
	insert into 3nf_Flights (Airline, FlightNo, SourceAirport, DestAirport) values ( 1 , 946,  'APV',  'ADR');
	insert into 3nf_Flights (Airline, FlightNo, SourceAirport, DestAirport) values ( 1 , 947,  'ADR',  'APV');
	insert into 3nf_Flights (Airline, FlightNo, SourceAirport, DestAirport) values ( 1 , 996,  'AXG',  'AXS');
	insert into 3nf_Flights (Airline, FlightNo, SourceAirport, DestAirport) values ( 1 , 997,  'AXS',  'AXG');
	insert into 3nf_Flights (Airline, FlightNo, SourceAirport, DestAirport) values ( 1 , 1000,  'ADK',  'KKI');
	insert into 3nf_Flights (Airline, FlightNo, SourceAirport, DestAirport) values ( 1 , 1001,  'KKI',  'ADK');
	insert into 3nf_Flights (Airline, FlightNo, SourceAirport, DestAirport) values ( 1 , 1026,  'AHN',  'DYS');
	insert into 3nf_Flights (Airline, FlightNo, SourceAirport, DestAirport) values ( 1 , 1027,  'DYS',  'AHN');
	insert into 3nf_Flights (Airline, FlightNo, SourceAirport, DestAirport) values ( 1 , 1062,  'AQY',  'AFO');
	insert into 3nf_Flights (Airline, FlightNo, SourceAirport, DestAirport) values ( 1 , 1063,  'AFO',  'AQY');
	insert into 3nf_Flights (Airline, FlightNo, SourceAirport, DestAirport) values ( 1 , 1068,  'APN',  'ALB');
	insert into 3nf_Flights (Airline, FlightNo, SourceAirport, DestAirport) values ( 1 , 1069,  'ALB',  'APN');
	insert into 3nf_Flights (Airline, FlightNo, SourceAirport, DestAirport) values ( 1 , 1100,  'ATE',  'ALE');
	insert into 3nf_Flights (Airline, FlightNo, SourceAirport, DestAirport) values ( 1 , 1101,  'ALE',  'ATE');
	insert into 3nf_Flights (Airline, FlightNo, SourceAirport, DestAirport) values ( 1 , 1144,  'AIA',  'AMW');
	insert into 3nf_Flights (Airline, FlightNo, SourceAirport, DestAirport) values ( 1 , 1145,  'AMW',  'AIA');
	insert into 3nf_Flights (Airline, FlightNo, SourceAirport, DestAirport) values ( 1 , 1166,  'ABQ',  'AAF');
	insert into 3nf_Flights (Airline, FlightNo, SourceAirport, DestAirport) values ( 1 , 1167,  'AAF',  'ABQ');
	insert into 3nf_Flights (Airline, FlightNo, SourceAirport, DestAirport) values ( 1 , 1168,  'ADK',  'NAB');
	insert into 3nf_Flights (Airline, FlightNo, SourceAirport, DestAirport) values ( 1 , 1169,  'NAB',  'ADK');
	insert into 3nf_Flights (Airline, FlightNo, SourceAirport, DestAirport) values ( 1 , 1192,  'QAW',  'AHH');
	insert into 3nf_Flights (Airline, FlightNo, SourceAirport, DestAirport) values ( 1 , 1193,  'AHH',  'QAW');
	insert into 3nf_Flights (Airline, FlightNo, SourceAirport, DestAirport) values ( 1 , 1208,  'NAB',  'MMI');
	insert into 3nf_Flights (Airline, FlightNo, SourceAirport, DestAirport) values ( 1 , 1209,  'MMI',  'NAB');
	insert into 3nf_Flights (Airline, FlightNo, SourceAirport, DestAirport) values ( 1 , 1216,  'ATE',  'ALX');
	insert into 3nf_Flights (Airline, FlightNo, SourceAirport, DestAirport) values ( 1 , 1217,  'ALX',  'ATE');
	insert into 3nf_Flights (Airline, FlightNo, SourceAirport, DestAirport) values ( 1 , 1250,  'ARC',  'AED');
	insert into 3nf_Flights (Airline, FlightNo, SourceAirport, DestAirport) values ( 1 , 1251,  'AED',  'ARC');
	insert into 3nf_Flights (Airline, FlightNo, SourceAirport, DestAirport) values ( 1 , 1274,  'ALS',  'APG');
	insert into 3nf_Flights (Airline, FlightNo, SourceAirport, DestAirport) values ( 1 , 1275,  'APG',  'ALS');
	insert into 3nf_Flights (Airline, FlightNo, SourceAirport, DestAirport) values ( 1 , 1284,  'ADK',  'ADG');
	insert into 3nf_Flights (Airline, FlightNo, SourceAirport, DestAirport) values ( 1 , 1285,  'ADG',  'ADK');
	insert into 3nf_Flights (Airline, FlightNo, SourceAirport, DestAirport) values ( 1 , 1328,  'RLI',  'LTS');
	insert into 3nf_Flights (Airline, FlightNo, SourceAirport, DestAirport) values ( 1 , 1329,  'LTS',  'RLI');
	insert into 3nf_Flights (Airline, FlightNo, SourceAirport, DestAirport) values ( 2 , 14,  'APV',  'ALX');
	insert into 3nf_Flights (Airline, FlightNo, SourceAirport, DestAirport) values ( 2 , 15,  'ALX',  'APV');
	insert into 3nf_Flights (Airline, FlightNo, SourceAirport, DestAirport) values ( 2 , 18,  'MRI',  'OTS');
	insert into 3nf_Flights (Airline, FlightNo, SourceAirport, DestAirport) values ( 2 , 19,  'OTS',  'MRI');
	insert into 3nf_Flights (Airline, FlightNo, SourceAirport, DestAirport) values ( 2 , 64,  'VJI',  'AOS');
	insert into 3nf_Flights (Airline, FlightNo, SourceAirport, DestAirport) values ( 2 , 65,  'AOS',  'VJI');
	insert into 3nf_Flights (Airline, FlightNo, SourceAirport, DestAirport) values ( 2 , 88,  'AGN',  'AXX');
	insert into 3nf_Flights (Airline, FlightNo, SourceAirport, DestAirport) values ( 2 , 89,  'AXX',  'AGN');
	insert into 3nf_Flights (Airline, FlightNo, SourceAirport, DestAirport) values ( 2 , 124,  'OTS',  'ALZ');
	insert into 3nf_Flights (Airline, FlightNo, SourceAirport, DestAirport) values ( 2 , 125,  'ALZ',  'OTS');
	insert into 3nf_Flights (Airline, FlightNo, SourceAirport, DestAirport) values ( 2 , 142,  'ABQ',  'ADM');
	insert into 3nf_Flights (Airline, FlightNo, SourceAirport, DestAirport) values ( 2 , 143,  'ADM',  'ABQ');
	insert into 3nf_Flights (Airline, FlightNo, SourceAirport, DestAirport) values ( 2 , 192,  'AKK',  'NDV');
	insert into 3nf_Flights (Airline, FlightNo, SourceAirport, DestAirport) values ( 2 , 193,  'NDV',  'AKK');
	insert into 3nf_Flights (Airline, FlightNo, SourceAirport, DestAirport) values ( 2 , 240,  'ATE',  'ATW');
	insert into 3nf_Flights (Airline, FlightNo, SourceAirport, DestAirport) values ( 2 , 241,  'ATW',  'ATE');
	insert into 3nf_Flights (Airline, FlightNo, SourceAirport, DestAirport) values ( 2 , 278,  'ACV',  'ALX');
	insert into 3nf_Flights (Airline, FlightNo, SourceAirport, DestAirport) values ( 2 , 279,  'ALX',  'ACV');
	insert into 3nf_Flights (Airline, FlightNo, SourceAirport, DestAirport) values ( 2 , 322,  'ALN',  'ARB');
	insert into 3nf_Flights (Airline, FlightNo, SourceAirport, DestAirport) values ( 2 , 323,  'ARB',  'ALN');
	insert into 3nf_Flights (Airline, FlightNo, SourceAirport, DestAirport) values ( 2 , 330,  'AYZ',  'AND');
	insert into 3nf_Flights (Airline, FlightNo, SourceAirport, DestAirport) values ( 2 , 331,  'AND',  'AYZ');
	insert into 3nf_Flights (Airline, FlightNo, SourceAirport, DestAirport) values ( 2 , 356,  'AKC',  'MRI');
	insert into 3nf_Flights (Airline, FlightNo, SourceAirport, DestAirport) values ( 2 , 357,  'MRI',  'AKC');
	insert into 3nf_Flights (Airline, FlightNo, SourceAirport, DestAirport) values ( 2 , 358,  'ASE',  'ASX');
	insert into 3nf_Flights (Airline, FlightNo, SourceAirport, DestAirport) values ( 2 , 359,  'ASX',  'ASE');
	insert into 3nf_Flights (Airline, FlightNo, SourceAirport, DestAirport) values ( 2 , 384,  'AOS',  'AGN');
	insert into 3nf_Flights (Airline, FlightNo, SourceAirport, DestAirport) values ( 2 , 385,  'AGN',  'AOS');
	insert into 3nf_Flights (Airline, FlightNo, SourceAirport, DestAirport) values ( 2 , 426,  'AFO',  'AMN');
	insert into 3nf_Flights (Airline, FlightNo, SourceAirport, DestAirport) values ( 2 , 427,  'AMN',  'AFO');
	insert into 3nf_Flights (Airline, FlightNo, SourceAirport, DestAirport) values ( 2 , 466,  'ARB',  'AGN');
	insert into 3nf_Flights (Airline, FlightNo, SourceAirport, DestAirport) values ( 2 , 467,  'AGN',  'ARB');
	insert into 3nf_Flights (Airline, FlightNo, SourceAirport, DestAirport) values ( 2 , 484,  'ARX',  'AQY');
	insert into 3nf_Flights (Airline, FlightNo, SourceAirport, DestAirport) values ( 2 , 485,  'AQY',  'ARX');
	insert into 3nf_Flights (Airline, FlightNo, SourceAirport, DestAirport) values ( 2 , 488,  'VJI',  'APG');
	insert into 3nf_Flights (Airline, FlightNo, SourceAirport, DestAirport) values ( 2 , 489,  'APG',  'VJI');
	insert into 3nf_Flights (Airline, FlightNo, SourceAirport, DestAirport) values ( 2 , 526,  'CAK',  'ANP');
	insert into 3nf_Flights (Airline, FlightNo, SourceAirport, DestAirport) values ( 2 , 527,  'ANP',  'CAK');
	insert into 3nf_Flights (Airline, FlightNo, SourceAirport, DestAirport) values ( 2 , 550,  'AIV',  'ADK');
	insert into 3nf_Flights (Airline, FlightNo, SourceAirport, DestAirport) values ( 2 , 551,  'ADK',  'AIV');
	insert into 3nf_Flights (Airline, FlightNo, SourceAirport, DestAirport) values ( 2 , 600,  'MRI',  'ARB');
	insert into 3nf_Flights (Airline, FlightNo, SourceAirport, DestAirport) values ( 2 , 601,  'ARB',  'MRI');
	insert into 3nf_Flights (Airline, FlightNo, SourceAirport, DestAirport) values ( 2 , 644,  'AHD',  'AMA');
	insert into 3nf_Flights (Airline, FlightNo, SourceAirport, DestAirport) values ( 2 , 645,  'AMA',  'AHD');
	insert into 3nf_Flights (Airline, FlightNo, SourceAirport, DestAirport) values ( 2 , 670,  'KKI',  'ATS');
	insert into 3nf_Flights (Airline, FlightNo, SourceAirport, DestAirport) values ( 2 , 671,  'ATS',  'KKI');
	insert into 3nf_Flights (Airline, FlightNo, SourceAirport, DestAirport) values ( 2 , 672,  'ANV',  'ABL');
	insert into 3nf_Flights (Airline, FlightNo, SourceAirport, DestAirport) values ( 2 , 673,  'ABL',  'ANV');
	insert into 3nf_Flights (Airline, FlightNo, SourceAirport, DestAirport) values ( 2 , 692,  'CAK',  'ATS');
	insert into 3nf_Flights (Airline, FlightNo, SourceAirport, DestAirport) values ( 2 , 693,  'ATS',  'CAK');
	insert into 3nf_Flights (Airline, FlightNo, SourceAirport, DestAirport) values ( 2 , 728,  'AKI',  'ESF');
	insert into 3nf_Flights (Airline, FlightNo, SourceAirport, DestAirport) values ( 2 , 729,  'ESF',  'AKI');
	insert into 3nf_Flights (Airline, FlightNo, SourceAirport, DestAirport) values ( 2 , 746,  'ANC',  'AST');
	insert into 3nf_Flights (Airline, FlightNo, SourceAirport, DestAirport) values ( 2 , 747,  'AST',  'ANC');
	insert into 3nf_Flights (Airline, FlightNo, SourceAirport, DestAirport) values ( 2 , 790,  'APN',  'CVO');
	insert into 3nf_Flights (Airline, FlightNo, SourceAirport, DestAirport) values ( 2 , 791,  'CVO',  'APN');
	insert into 3nf_Flights (Airline, FlightNo, SourceAirport, DestAirport) values ( 2 , 830,  'ANQ',  'AMA');
	insert into 3nf_Flights (Airline, FlightNo, SourceAirport, DestAirport) values ( 2 , 831,  'AMA',  'ANQ');
	insert into 3nf_Flights (Airline, FlightNo, SourceAirport, DestAirport) values ( 2 , 840,  'NGZ',  'ADT');
	insert into 3nf_Flights (Airline, FlightNo, SourceAirport, DestAirport) values ( 2 , 841,  'ADT',  'NGZ');
	insert into 3nf_Flights (Airline, FlightNo, SourceAirport, DestAirport) values ( 2 , 886,  'ANW',  'ABY');
	insert into 3nf_Flights (Airline, FlightNo, SourceAirport, DestAirport) values ( 2 , 887,  'ABY',  'ANW');
	insert into 3nf_Flights (Airline, FlightNo, SourceAirport, DestAirport) values ( 2 , 902,  'AKO',  'OTS');
	insert into 3nf_Flights (Airline, FlightNo, SourceAirport, DestAirport) values ( 2 , 903,  'OTS',  'AKO');
	insert into 3nf_Flights (Airline, FlightNo, SourceAirport, DestAirport) values ( 2 , 920,  'AET',  'ASX');
	insert into 3nf_Flights (Airline, FlightNo, SourceAirport, DestAirport) values ( 2 , 921,  'ASX',  'AET');
	insert into 3nf_Flights (Airline, FlightNo, SourceAirport, DestAirport) values ( 2 , 950,  'ALB',  'ADM');
	insert into 3nf_Flights (Airline, FlightNo, SourceAirport, DestAirport) values ( 2 , 951,  'ADM',  'ALB');
	insert into 3nf_Flights (Airline, FlightNo, SourceAirport, DestAirport) values ( 2 , 988,  'ALS',  'ADG');
	insert into 3nf_Flights (Airline, FlightNo, SourceAirport, DestAirport) values ( 2 , 989,  'ADG',  'ALS');
	insert into 3nf_Flights (Airline, FlightNo, SourceAirport, DestAirport) values ( 2 , 1020,  'ANP',  'ADG');
	insert into 3nf_Flights (Airline, FlightNo, SourceAirport, DestAirport) values ( 2 , 1021,  'ADG',  'ANP');
	insert into 3nf_Flights (Airline, FlightNo, SourceAirport, DestAirport) values ( 2 , 1064,  'NAB',  'ALB');
	insert into 3nf_Flights (Airline, FlightNo, SourceAirport, DestAirport) values ( 2 , 1065,  'ALB',  'NAB');
	insert into 3nf_Flights (Airline, FlightNo, SourceAirport, DestAirport) values ( 2 , 1068,  'AIK',  'ANN');
	insert into 3nf_Flights (Airline, FlightNo, SourceAirport, DestAirport) values ( 2 , 1069,  'ANN',  'AIK');
	insert into 3nf_Flights (Airline, FlightNo, SourceAirport, DestAirport) values ( 2 , 1076,  'AXG',  'ABQ');
	insert into 3nf_Flights (Airline, FlightNo, SourceAirport, DestAirport) values ( 2 , 1077,  'ABQ',  'AXG');
	insert into 3nf_Flights (Airline, FlightNo, SourceAirport, DestAirport) values ( 2 , 1120,  'ACV',  'AKK');
	insert into 3nf_Flights (Airline, FlightNo, SourceAirport, DestAirport) values ( 2 , 1121,  'AKK',  'ACV');
	insert into 3nf_Flights (Airline, FlightNo, SourceAirport, DestAirport) values ( 2 , 1158,  'ABI',  'QAW');
	insert into 3nf_Flights (Airline, FlightNo, SourceAirport, DestAirport) values ( 2 , 1159,  'QAW',  'ABI');
	insert into 3nf_Flights (Airline, FlightNo, SourceAirport, DestAirport) values ( 2 , 1188,  'AIV',  'ALE');
	insert into 3nf_Flights (Airline, FlightNo, SourceAirport, DestAirport) values ( 2 , 1189,  'ALE',  'AIV');
	insert into 3nf_Flights (Airline, FlightNo, SourceAirport, DestAirport) values ( 2 , 1230,  'ANY',  'ANI');
	insert into 3nf_Flights (Airline, FlightNo, SourceAirport, DestAirport) values ( 2 , 1231,  'ANI',  'ANY');
	insert into 3nf_Flights (Airline, FlightNo, SourceAirport, DestAirport) values ( 2 , 1242,  'AED',  'AMA');
	insert into 3nf_Flights (Airline, FlightNo, SourceAirport, DestAirport) values ( 2 , 1243,  'AMA',  'AED');
	insert into 3nf_Flights (Airline, FlightNo, SourceAirport, DestAirport) values ( 2 , 1266,  'AHT',  'ALE');
	insert into 3nf_Flights (Airline, FlightNo, SourceAirport, DestAirport) values ( 2 , 1267,  'ALE',  'AHT');
	insert into 3nf_Flights (Airline, FlightNo, SourceAirport, DestAirport) values ( 2 , 1286,  'HMN',  'ESF');
	insert into 3nf_Flights (Airline, FlightNo, SourceAirport, DestAirport) values ( 2 , 1287,  'ESF',  'HMN');
	insert into 3nf_Flights (Airline, FlightNo, SourceAirport, DestAirport) values ( 2 , 1330,  'AXX',  'ANP');
	insert into 3nf_Flights (Airline, FlightNo, SourceAirport, DestAirport) values ( 2 , 1331,  'ANP',  'AXX');
	insert into 3nf_Flights (Airline, FlightNo, SourceAirport, DestAirport) values ( 2 , 1360,  'AHH',  'AST');
	insert into 3nf_Flights (Airline, FlightNo, SourceAirport, DestAirport) values ( 2 , 1361,  'AST',  'AHH');
	insert into 3nf_Flights (Airline, FlightNo, SourceAirport, DestAirport) values ( 2 , 1374,  'ALI',  'AMW');
	insert into 3nf_Flights (Airline, FlightNo, SourceAirport, DestAirport) values ( 2 , 1375,  'AMW',  'ALI');
	insert into 3nf_Flights (Airline, FlightNo, SourceAirport, DestAirport) values ( 2 , 1376,  'ALI',  'APG');
	insert into 3nf_Flights (Airline, FlightNo, SourceAirport, DestAirport) values ( 2 , 1377,  'APG',  'ALI');
	insert into 3nf_Flights (Airline, FlightNo, SourceAirport, DestAirport) values ( 3 , 2,  'ATS',  'OTS');
	insert into 3nf_Flights (Airline, FlightNo, SourceAirport, DestAirport) values ( 3 , 3,  'OTS',  'ATS');
	insert into 3nf_Flights (Airline, FlightNo, SourceAirport, DestAirport) values ( 3 , 26,  'VJI',  'ATW');
	insert into 3nf_Flights (Airline, FlightNo, SourceAirport, DestAirport) values ( 3 , 27,  'ATW',  'VJI');
	insert into 3nf_Flights (Airline, FlightNo, SourceAirport, DestAirport) values ( 3 , 36,  'CAK',  'OTS');
	insert into 3nf_Flights (Airline, FlightNo, SourceAirport, DestAirport) values ( 3 , 37,  'OTS',  'CAK');
	insert into 3nf_Flights (Airline, FlightNo, SourceAirport, DestAirport) values ( 3 , 84,  'ABY',  'ALS');
	insert into 3nf_Flights (Airline, FlightNo, SourceAirport, DestAirport) values ( 3 , 85,  'ALS',  'ABY');
	insert into 3nf_Flights (Airline, FlightNo, SourceAirport, DestAirport) values ( 3 , 100,  'AXN',  'APG');
	insert into 3nf_Flights (Airline, FlightNo, SourceAirport, DestAirport) values ( 3 , 101,  'APG',  'AXN');
	insert into 3nf_Flights (Airline, FlightNo, SourceAirport, DestAirport) values ( 3 , 118,  'AXB',  'ANA');
	insert into 3nf_Flights (Airline, FlightNo, SourceAirport, DestAirport) values ( 3 , 119,  'ANA',  'AXB');
	insert into 3nf_Flights (Airline, FlightNo, SourceAirport, DestAirport) values ( 3 , 126,  'LTS',  'EDF');
	insert into 3nf_Flights (Airline, FlightNo, SourceAirport, DestAirport) values ( 3 , 127,  'EDF',  'LTS');
	insert into 3nf_Flights (Airline, FlightNo, SourceAirport, DestAirport) values ( 3 , 130,  'JLH',  'AND');
	insert into 3nf_Flights (Airline, FlightNo, SourceAirport, DestAirport) values ( 3 , 131,  'AND',  'JLH');
	insert into 3nf_Flights (Airline, FlightNo, SourceAirport, DestAirport) values ( 3 , 162,  'AIK',  'ADT');
	insert into 3nf_Flights (Airline, FlightNo, SourceAirport, DestAirport) values ( 3 , 163,  'ADT',  'AIK');
	insert into 3nf_Flights (Airline, FlightNo, SourceAirport, DestAirport) values ( 3 , 194,  'AST',  'ARX');
	insert into 3nf_Flights (Airline, FlightNo, SourceAirport, DestAirport) values ( 3 , 195,  'ARX',  'AST');
	insert into 3nf_Flights (Airline, FlightNo, SourceAirport, DestAirport) values ( 3 , 206,  'ANB',  'ALE');
	insert into 3nf_Flights (Airline, FlightNo, SourceAirport, DestAirport) values ( 3 , 207,  'ALE',  'ANB');
	insert into 3nf_Flights (Airline, FlightNo, SourceAirport, DestAirport) values ( 3 , 240,  'AKC',  'MMI');
	insert into 3nf_Flights (Airline, FlightNo, SourceAirport, DestAirport) values ( 3 , 241,  'MMI',  'AKC');
	insert into 3nf_Flights (Airline, FlightNo, SourceAirport, DestAirport) values ( 3 , 244,  'EDF',  'AHT');
	insert into 3nf_Flights (Airline, FlightNo, SourceAirport, DestAirport) values ( 3 , 245,  'AHT',  'EDF');
	insert into 3nf_Flights (Airline, FlightNo, SourceAirport, DestAirport) values ( 3 , 268,  'AMW',  'AHN');
	insert into 3nf_Flights (Airline, FlightNo, SourceAirport, DestAirport) values ( 3 , 269,  'AHN',  'AMW');
	insert into 3nf_Flights (Airline, FlightNo, SourceAirport, DestAirport) values ( 3 , 284,  'AXB',  'AXN');
	insert into 3nf_Flights (Airline, FlightNo, SourceAirport, DestAirport) values ( 3 , 285,  'AXN',  'AXB');
	insert into 3nf_Flights (Airline, FlightNo, SourceAirport, DestAirport) values ( 3 , 300,  'ASY',  'ALE');
	insert into 3nf_Flights (Airline, FlightNo, SourceAirport, DestAirport) values ( 3 , 301,  'ALE',  'ASY');
	insert into 3nf_Flights (Airline, FlightNo, SourceAirport, DestAirport) values ( 3 , 334,  'ALI',  'ATW');
	insert into 3nf_Flights (Airline, FlightNo, SourceAirport, DestAirport) values ( 3 , 335,  'ATW',  'ALI');
	insert into 3nf_Flights (Airline, FlightNo, SourceAirport, DestAirport) values ( 3 , 364,  'AYZ',  'AUK');
	insert into 3nf_Flights (Airline, FlightNo, SourceAirport, DestAirport) values ( 3 , 365,  'AUK',  'AYZ');
	insert into 3nf_Flights (Airline, FlightNo, SourceAirport, DestAirport) values ( 3 , 396,  'AED',  'ASX');
	insert into 3nf_Flights (Airline, FlightNo, SourceAirport, DestAirport) values ( 3 , 397,  'ASX',  'AED');
	insert into 3nf_Flights (Airline, FlightNo, SourceAirport, DestAirport) values ( 3 , 432,  'ABQ',  'ANN');
	insert into 3nf_Flights (Airline, FlightNo, SourceAirport, DestAirport) values ( 3 , 433,  'ANN',  'ABQ');
	insert into 3nf_Flights (Airline, FlightNo, SourceAirport, DestAirport) values ( 3 , 438,  'AFO',  'AUK');
	insert into 3nf_Flights (Airline, FlightNo, SourceAirport, DestAirport) values ( 3 , 439,  'AUK',  'AFO');
	insert into 3nf_Flights (Airline, FlightNo, SourceAirport, DestAirport) values ( 3 , 460,  'RLI',  'AHD');
	insert into 3nf_Flights (Airline, FlightNo, SourceAirport, DestAirport) values ( 3 , 461,  'AHD',  'RLI');
	insert into 3nf_Flights (Airline, FlightNo, SourceAirport, DestAirport) values ( 3 , 498,  'ATW',  'TDW');
	insert into 3nf_Flights (Airline, FlightNo, SourceAirport, DestAirport) values ( 3 , 499,  'TDW',  'ATW');
	insert into 3nf_Flights (Airline, FlightNo, SourceAirport, DestAirport) values ( 3 , 528,  'ARB',  'AKK');
	insert into 3nf_Flights (Airline, FlightNo, SourceAirport, DestAirport) values ( 3 , 529,  'AKK',  'ARB');
	insert into 3nf_Flights (Airline, FlightNo, SourceAirport, DestAirport) values ( 3 , 548,  'ARX',  'ASX');
	insert into 3nf_Flights (Airline, FlightNo, SourceAirport, DestAirport) values ( 3 , 549,  'ASX',  'ARX');
	insert into 3nf_Flights (Airline, FlightNo, SourceAirport, DestAirport) values ( 3 , 588,  'AKO',  'WKK');
	insert into 3nf_Flights (Airline, FlightNo, SourceAirport, DestAirport) values ( 3 , 589,  'WKK',  'AKO');
	insert into 3nf_Flights (Airline, FlightNo, SourceAirport, DestAirport) values ( 3 , 626,  'KQA',  'ANV');
	insert into 3nf_Flights (Airline, FlightNo, SourceAirport, DestAirport) values ( 3 , 627,  'ANV',  'KQA');
	insert into 3nf_Flights (Airline, FlightNo, SourceAirport, DestAirport) values ( 3 , 656,  'ANN',  'EDF');
	insert into 3nf_Flights (Airline, FlightNo, SourceAirport, DestAirport) values ( 3 , 657,  'EDF',  'ANN');
	insert into 3nf_Flights (Airline, FlightNo, SourceAirport, DestAirport) values ( 3 , 670,  'ALN',  'ARX');
	insert into 3nf_Flights (Airline, FlightNo, SourceAirport, DestAirport) values ( 3 , 671,  'ARX',  'ALN');
	insert into 3nf_Flights (Airline, FlightNo, SourceAirport, DestAirport) values ( 3 , 694,  'AUK',  'JLH');
	insert into 3nf_Flights (Airline, FlightNo, SourceAirport, DestAirport) values ( 3 , 695,  'JLH',  'AUK');
	insert into 3nf_Flights (Airline, FlightNo, SourceAirport, DestAirport) values ( 3 , 710,  'ANN',  'AHT');
	insert into 3nf_Flights (Airline, FlightNo, SourceAirport, DestAirport) values ( 3 , 711,  'AHT',  'ANN');
	insert into 3nf_Flights (Airline, FlightNo, SourceAirport, DestAirport) values ( 3 , 734,  'ASY',  'NDV');
	insert into 3nf_Flights (Airline, FlightNo, SourceAirport, DestAirport) values ( 3 , 735,  'NDV',  'ASY');
	insert into 3nf_Flights (Airline, FlightNo, SourceAirport, DestAirport) values ( 3 , 782,  'AXG',  'JLH');
	insert into 3nf_Flights (Airline, FlightNo, SourceAirport, DestAirport) values ( 3 , 783,  'JLH',  'AXG');
	insert into 3nf_Flights (Airline, FlightNo, SourceAirport, DestAirport) values ( 3 , 826,  'ABQ',  'AEL');
	insert into 3nf_Flights (Airline, FlightNo, SourceAirport, DestAirport) values ( 3 , 827,  'AEL',  'ABQ');
	insert into 3nf_Flights (Airline, FlightNo, SourceAirport, DestAirport) values ( 3 , 862,  'LTS',  'RLI');
	insert into 3nf_Flights (Airline, FlightNo, SourceAirport, DestAirport) values ( 3 , 863,  'RLI',  'LTS');
	insert into 3nf_Flights (Airline, FlightNo, SourceAirport, DestAirport) values ( 3 , 904,  'APV',  'ANV');
	insert into 3nf_Flights (Airline, FlightNo, SourceAirport, DestAirport) values ( 3 , 905,  'ANV',  'APV');
	insert into 3nf_Flights (Airline, FlightNo, SourceAirport, DestAirport) values ( 3 , 922,  'ASY',  'AAF');
	insert into 3nf_Flights (Airline, FlightNo, SourceAirport, DestAirport) values ( 3 , 923,  'AAF',  'ASY');
	insert into 3nf_Flights (Airline, FlightNo, SourceAirport, DestAirport) values ( 3 , 962,  'NGZ',  'ALI');
	insert into 3nf_Flights (Airline, FlightNo, SourceAirport, DestAirport) values ( 3 , 963,  'ALI',  'NGZ');
	insert into 3nf_Flights (Airline, FlightNo, SourceAirport, DestAirport) values ( 3 , 970,  'ANP',  'AIB');
	insert into 3nf_Flights (Airline, FlightNo, SourceAirport, DestAirport) values ( 3 , 971,  'AIB',  'ANP');
	insert into 3nf_Flights (Airline, FlightNo, SourceAirport, DestAirport) values ( 3 , 1000,  'ASX',  'ANY');
	insert into 3nf_Flights (Airline, FlightNo, SourceAirport, DestAirport) values ( 3 , 1001,  'ANY',  'ASX');
	insert into 3nf_Flights (Airline, FlightNo, SourceAirport, DestAirport) values ( 3 , 1010,  'CVO',  'AST');
	insert into 3nf_Flights (Airline, FlightNo, SourceAirport, DestAirport) values ( 3 , 1011,  'AST',  'CVO');
	insert into 3nf_Flights (Airline, FlightNo, SourceAirport, DestAirport) values ( 3 , 1040,  'AHF',  'OTS');
	insert into 3nf_Flights (Airline, FlightNo, SourceAirport, DestAirport) values ( 3 , 1041,  'OTS',  'AHF');
	insert into 3nf_Flights (Airline, FlightNo, SourceAirport, DestAirport) values ( 3 , 1070,  'ANP',  'ARC');
	insert into 3nf_Flights (Airline, FlightNo, SourceAirport, DestAirport) values ( 3 , 1071,  'ARC',  'ANP');
	insert into 3nf_Flights (Airline, FlightNo, SourceAirport, DestAirport) values ( 3 , 1094,  'AAF',  'ALS');
	insert into 3nf_Flights (Airline, FlightNo, SourceAirport, DestAirport) values ( 3 , 1095,  'ALS',  'AAF');
	insert into 3nf_Flights (Airline, FlightNo, SourceAirport, DestAirport) values ( 3 , 1140,  'ATW',  'ALB');
	insert into 3nf_Flights (Airline, FlightNo, SourceAirport, DestAirport) values ( 3 , 1141,  'ALB',  'ATW');
	insert into 3nf_Flights (Airline, FlightNo, SourceAirport, DestAirport) values ( 3 , 1186,  'ANB',  'AET');
	insert into 3nf_Flights (Airline, FlightNo, SourceAirport, DestAirport) values ( 3 , 1187,  'AET',  'ANB');
	insert into 3nf_Flights (Airline, FlightNo, SourceAirport, DestAirport) values ( 3 , 1190,  'AXX',  'ADG');
	insert into 3nf_Flights (Airline, FlightNo, SourceAirport, DestAirport) values ( 3 , 1191,  'ADG',  'AXX');
	insert into 3nf_Flights (Airline, FlightNo, SourceAirport, DestAirport) values ( 3 , 1226,  'AID',  'ABL');
	insert into 3nf_Flights (Airline, FlightNo, SourceAirport, DestAirport) values ( 3 , 1227,  'ABL',  'AID');
	insert into 3nf_Flights (Airline, FlightNo, SourceAirport, DestAirport) values ( 3 , 1270,  'CAK',  'AXS');
	insert into 3nf_Flights (Airline, FlightNo, SourceAirport, DestAirport) values ( 3 , 1271,  'AXS',  'CAK');
	insert into 3nf_Flights (Airline, FlightNo, SourceAirport, DestAirport) values ( 3 , 1274,  'ASY',  'AFO');
	insert into 3nf_Flights (Airline, FlightNo, SourceAirport, DestAirport) values ( 3 , 1275,  'AFO',  'ASY');
	insert into 3nf_Flights (Airline, FlightNo, SourceAirport, DestAirport) values ( 4 , 10,  'ASY',  'ATS');
	insert into 3nf_Flights (Airline, FlightNo, SourceAirport, DestAirport) values ( 4 , 11,  'ATS',  'ASY');
	insert into 3nf_Flights (Airline, FlightNo, SourceAirport, DestAirport) values ( 4 , 32,  'ALX',  'OTS');
	insert into 3nf_Flights (Airline, FlightNo, SourceAirport, DestAirport) values ( 4 , 33,  'OTS',  'ALX');
	insert into 3nf_Flights (Airline, FlightNo, SourceAirport, DestAirport) values ( 4 , 34,  'ADR',  'ATS');
	insert into 3nf_Flights (Airline, FlightNo, SourceAirport, DestAirport) values ( 4 , 35,  'ATS',  'ADR');
	insert into 3nf_Flights (Airline, FlightNo, SourceAirport, DestAirport) values ( 4 , 56,  'AET',  'AKI');
	insert into 3nf_Flights (Airline, FlightNo, SourceAirport, DestAirport) values ( 4 , 57,  'AKI',  'AET');
	insert into 3nf_Flights (Airline, FlightNo, SourceAirport, DestAirport) values ( 4 , 62,  'AEX',  'MRI');
	insert into 3nf_Flights (Airline, FlightNo, SourceAirport, DestAirport) values ( 4 , 63,  'MRI',  'AEX');
	insert into 3nf_Flights (Airline, FlightNo, SourceAirport, DestAirport) values ( 4 , 94,  'AHH',  'ANA');
	insert into 3nf_Flights (Airline, FlightNo, SourceAirport, DestAirport) values ( 4 , 95,  'ANA',  'AHH');
	insert into 3nf_Flights (Airline, FlightNo, SourceAirport, DestAirport) values ( 4 , 136,  'LTS',  'JLH');
	insert into 3nf_Flights (Airline, FlightNo, SourceAirport, DestAirport) values ( 4 , 137,  'JLH',  'LTS');
	insert into 3nf_Flights (Airline, FlightNo, SourceAirport, DestAirport) values ( 4 , 166,  'AAF',  'AKI');
	insert into 3nf_Flights (Airline, FlightNo, SourceAirport, DestAirport) values ( 4 , 167,  'AKI',  'AAF');
	insert into 3nf_Flights (Airline, FlightNo, SourceAirport, DestAirport) values ( 4 , 168,  'ALI',  'ANY');
	insert into 3nf_Flights (Airline, FlightNo, SourceAirport, DestAirport) values ( 4 , 169,  'ANY',  'ALI');
	insert into 3nf_Flights (Airline, FlightNo, SourceAirport, DestAirport) values ( 4 , 200,  'ADT',  'EDF');
	insert into 3nf_Flights (Airline, FlightNo, SourceAirport, DestAirport) values ( 4 , 201,  'EDF',  'ADT');
	insert into 3nf_Flights (Airline, FlightNo, SourceAirport, DestAirport) values ( 4 , 226,  'VJI',  'OTS');
	insert into 3nf_Flights (Airline, FlightNo, SourceAirport, DestAirport) values ( 4 , 227,  'OTS',  'VJI');
	insert into 3nf_Flights (Airline, FlightNo, SourceAirport, DestAirport) values ( 4 , 260,  'ADT',  'ANN');
	insert into 3nf_Flights (Airline, FlightNo, SourceAirport, DestAirport) values ( 4 , 261,  'ANN',  'ADT');
	insert into 3nf_Flights (Airline, FlightNo, SourceAirport, DestAirport) values ( 4 , 264,  'ARB',  'ATW');
	insert into 3nf_Flights (Airline, FlightNo, SourceAirport, DestAirport) values ( 4 , 265,  'ATW',  'ARB');
	insert into 3nf_Flights (Airline, FlightNo, SourceAirport, DestAirport) values ( 4 , 296,  'AIV',  'AFO');
	insert into 3nf_Flights (Airline, FlightNo, SourceAirport, DestAirport) values ( 4 , 297,  'AFO',  'AIV');
	insert into 3nf_Flights (Airline, FlightNo, SourceAirport, DestAirport) values ( 4 , 340,  'ADM',  'AST');
	insert into 3nf_Flights (Airline, FlightNo, SourceAirport, DestAirport) values ( 4 , 341,  'AST',  'ADM');
	insert into 3nf_Flights (Airline, FlightNo, SourceAirport, DestAirport) values ( 4 , 358,  'ADG',  'AMN');
	insert into 3nf_Flights (Airline, FlightNo, SourceAirport, DestAirport) values ( 4 , 359,  'AMN',  'ADG');
	insert into 3nf_Flights (Airline, FlightNo, SourceAirport, DestAirport) values ( 4 , 378,  'WKK',  'ANQ');
	insert into 3nf_Flights (Airline, FlightNo, SourceAirport, DestAirport) values ( 4 , 379,  'ANQ',  'WKK');
	insert into 3nf_Flights (Airline, FlightNo, SourceAirport, DestAirport) values ( 4 , 384,  'AYZ',  'CVO');
	insert into 3nf_Flights (Airline, FlightNo, SourceAirport, DestAirport) values ( 4 , 385,  'CVO',  'AYZ');
	insert into 3nf_Flights (Airline, FlightNo, SourceAirport, DestAirport) values ( 4 , 430,  'CVO',  'LTS');
	insert into 3nf_Flights (Airline, FlightNo, SourceAirport, DestAirport) values ( 4 , 431,  'LTS',  'CVO');
	insert into 3nf_Flights (Airline, FlightNo, SourceAirport, DestAirport) values ( 4 , 436,  'AMA',  'WKK');
	insert into 3nf_Flights (Airline, FlightNo, SourceAirport, DestAirport) values ( 4 , 437,  'WKK',  'AMA');
	insert into 3nf_Flights (Airline, FlightNo, SourceAirport, DestAirport) values ( 4 , 478,  'AAF',  'AXX');
	insert into 3nf_Flights (Airline, FlightNo, SourceAirport, DestAirport) values ( 4 , 479,  'AXX',  'AAF');
	insert into 3nf_Flights (Airline, FlightNo, SourceAirport, DestAirport) values ( 4 , 510,  'ANP',  'AIB');
	insert into 3nf_Flights (Airline, FlightNo, SourceAirport, DestAirport) values ( 4 , 511,  'AIB',  'ANP');
	insert into 3nf_Flights (Airline, FlightNo, SourceAirport, DestAirport) values ( 4 , 544,  'LTS',  'QAW');
	insert into 3nf_Flights (Airline, FlightNo, SourceAirport, DestAirport) values ( 4 , 545,  'QAW',  'LTS');
	insert into 3nf_Flights (Airline, FlightNo, SourceAirport, DestAirport) values ( 4 , 546,  'ANY',  'AKC');
	insert into 3nf_Flights (Airline, FlightNo, SourceAirport, DestAirport) values ( 4 , 547,  'AKC',  'ANY');
	insert into 3nf_Flights (Airline, FlightNo, SourceAirport, DestAirport) values ( 4 , 558,  'AGN',  'AHN');
	insert into 3nf_Flights (Airline, FlightNo, SourceAirport, DestAirport) values ( 4 , 559,  'AHN',  'AGN');
	insert into 3nf_Flights (Airline, FlightNo, SourceAirport, DestAirport) values ( 4 , 564,  'AYZ',  'AED');
	insert into 3nf_Flights (Airline, FlightNo, SourceAirport, DestAirport) values ( 4 , 565,  'AED',  'AYZ');
	insert into 3nf_Flights (Airline, FlightNo, SourceAirport, DestAirport) values ( 4 , 582,  'AXX',  'WKK');
	insert into 3nf_Flights (Airline, FlightNo, SourceAirport, DestAirport) values ( 4 , 583,  'WKK',  'AXX');
	insert into 3nf_Flights (Airline, FlightNo, SourceAirport, DestAirport) values ( 4 , 604,  'AFO',  'ANC');
	insert into 3nf_Flights (Airline, FlightNo, SourceAirport, DestAirport) values ( 4 , 605,  'ANC',  'AFO');
	insert into 3nf_Flights (Airline, FlightNo, SourceAirport, DestAirport) values ( 4 , 624,  'ANC',  'ANV');
	insert into 3nf_Flights (Airline, FlightNo, SourceAirport, DestAirport) values ( 4 , 625,  'ANV',  'ANC');
	insert into 3nf_Flights (Airline, FlightNo, SourceAirport, DestAirport) values ( 4 , 626,  'AIA',  'AXG');
	insert into 3nf_Flights (Airline, FlightNo, SourceAirport, DestAirport) values ( 4 , 627,  'AXG',  'AIA');
	insert into 3nf_Flights (Airline, FlightNo, SourceAirport, DestAirport) values ( 4 , 666,  'AAF',  'AMA');
	insert into 3nf_Flights (Airline, FlightNo, SourceAirport, DestAirport) values ( 4 , 667,  'AMA',  'AAF');
	insert into 3nf_Flights (Airline, FlightNo, SourceAirport, DestAirport) values ( 4 , 716,  'JLH',  'AYZ');
	insert into 3nf_Flights (Airline, FlightNo, SourceAirport, DestAirport) values ( 4 , 717,  'AYZ',  'JLH');
	insert into 3nf_Flights (Airline, FlightNo, SourceAirport, DestAirport) values ( 4 , 742,  'HMN',  'APG');
	insert into 3nf_Flights (Airline, FlightNo, SourceAirport, DestAirport) values ( 4 , 743,  'APG',  'HMN');
	insert into 3nf_Flights (Airline, FlightNo, SourceAirport, DestAirport) values ( 4 , 750,  'NAB',  'ESF');
	insert into 3nf_Flights (Airline, FlightNo, SourceAirport, DestAirport) values ( 4 , 751,  'ESF',  'NAB');
	insert into 3nf_Flights (Airline, FlightNo, SourceAirport, DestAirport) values ( 4 , 784,  'AQY',  'DYS');
	insert into 3nf_Flights (Airline, FlightNo, SourceAirport, DestAirport) values ( 4 , 785,  'DYS',  'AQY');
	insert into 3nf_Flights (Airline, FlightNo, SourceAirport, DestAirport) values ( 4 , 832,  'ANN',  'AOS');
	insert into 3nf_Flights (Airline, FlightNo, SourceAirport, DestAirport) values ( 4 , 833,  'AOS',  'ANN');
	insert into 3nf_Flights (Airline, FlightNo, SourceAirport, DestAirport) values ( 4 , 838,  'APV',  'ALM');
	insert into 3nf_Flights (Airline, FlightNo, SourceAirport, DestAirport) values ( 4 , 839,  'ALM',  'APV');
	insert into 3nf_Flights (Airline, FlightNo, SourceAirport, DestAirport) values ( 4 , 870,  'ATE',  'ARB');
	insert into 3nf_Flights (Airline, FlightNo, SourceAirport, DestAirport) values ( 4 , 871,  'ARB',  'ATE');
	insert into 3nf_Flights (Airline, FlightNo, SourceAirport, DestAirport) values ( 4 , 902,  'NGZ',  'ANQ');
	insert into 3nf_Flights (Airline, FlightNo, SourceAirport, DestAirport) values ( 4 , 903,  'ANQ',  'NGZ');
	insert into 3nf_Flights (Airline, FlightNo, SourceAirport, DestAirport) values ( 4 , 946,  'AHT',  'AXG');
	insert into 3nf_Flights (Airline, FlightNo, SourceAirport, DestAirport) values ( 4 , 947,  'AXG',  'AHT');
	insert into 3nf_Flights (Airline, FlightNo, SourceAirport, DestAirport) values ( 4 , 990,  'ALI',  'ANN');
	insert into 3nf_Flights (Airline, FlightNo, SourceAirport, DestAirport) values ( 4 , 991,  'ANN',  'ALI');
	insert into 3nf_Flights (Airline, FlightNo, SourceAirport, DestAirport) values ( 4 , 1036,  'ANQ',  'ALS');
	insert into 3nf_Flights (Airline, FlightNo, SourceAirport, DestAirport) values ( 4 , 1037,  'ALS',  'ANQ');
	insert into 3nf_Flights (Airline, FlightNo, SourceAirport, DestAirport) values ( 4 , 1064,  'ANV',  'AET');
	insert into 3nf_Flights (Airline, FlightNo, SourceAirport, DestAirport) values ( 4 , 1065,  'AET',  'ANV');
	insert into 3nf_Flights (Airline, FlightNo, SourceAirport, DestAirport) values ( 4 , 1100,  'ARB',  'AEL');
	insert into 3nf_Flights (Airline, FlightNo, SourceAirport, DestAirport) values ( 4 , 1101,  'AEL',  'ARB');
	insert into 3nf_Flights (Airline, FlightNo, SourceAirport, DestAirport) values ( 4 , 1118,  'ANC',  'ANY');
	insert into 3nf_Flights (Airline, FlightNo, SourceAirport, DestAirport) values ( 4 , 1119,  'ANY',  'ANC');
	insert into 3nf_Flights (Airline, FlightNo, SourceAirport, DestAirport) values ( 4 , 1138,  'ABR',  'AET');
	insert into 3nf_Flights (Airline, FlightNo, SourceAirport, DestAirport) values ( 4 , 1139,  'AET',  'ABR');
	insert into 3nf_Flights (Airline, FlightNo, SourceAirport, DestAirport) values ( 4 , 1162,  'ANW',  'AKO');
	insert into 3nf_Flights (Airline, FlightNo, SourceAirport, DestAirport) values ( 4 , 1163,  'AKO',  'ANW');
	insert into 3nf_Flights (Airline, FlightNo, SourceAirport, DestAirport) values ( 4 , 1172,  'AHH',  'AYZ');
	insert into 3nf_Flights (Airline, FlightNo, SourceAirport, DestAirport) values ( 4 , 1173,  'AYZ',  'AHH');
	insert into 3nf_Flights (Airline, FlightNo, SourceAirport, DestAirport) values ( 4 , 1206,  'AXN',  'NDV');
	insert into 3nf_Flights (Airline, FlightNo, SourceAirport, DestAirport) values ( 4 , 1207,  'NDV',  'AXN');
	insert into 3nf_Flights (Airline, FlightNo, SourceAirport, DestAirport) values ( 4 , 1224,  'AND',  'MMI');
	insert into 3nf_Flights (Airline, FlightNo, SourceAirport, DestAirport) values ( 4 , 1225,  'MMI',  'AND');
	insert into 3nf_Flights (Airline, FlightNo, SourceAirport, DestAirport) values ( 5 , 22,  'WKK',  'ARB');
	insert into 3nf_Flights (Airline, FlightNo, SourceAirport, DestAirport) values ( 5 , 23,  'ARB',  'WKK');
	insert into 3nf_Flights (Airline, FlightNo, SourceAirport, DestAirport) values ( 5 , 62,  'ALM',  'AKP');
	insert into 3nf_Flights (Airline, FlightNo, SourceAirport, DestAirport) values ( 5 , 63,  'AKP',  'ALM');
	insert into 3nf_Flights (Airline, FlightNo, SourceAirport, DestAirport) values ( 5 , 66,  'ANA',  'AIK');
	insert into 3nf_Flights (Airline, FlightNo, SourceAirport, DestAirport) values ( 5 , 67,  'AIK',  'ANA');
	insert into 3nf_Flights (Airline, FlightNo, SourceAirport, DestAirport) values ( 5 , 76,  'ANC',  'AMA');
	insert into 3nf_Flights (Airline, FlightNo, SourceAirport, DestAirport) values ( 5 , 77,  'AMA',  'ANC');
	insert into 3nf_Flights (Airline, FlightNo, SourceAirport, DestAirport) values ( 5 , 104,  'ALB',  'ANY');
	insert into 3nf_Flights (Airline, FlightNo, SourceAirport, DestAirport) values ( 5 , 105,  'ANY',  'ALB');
	insert into 3nf_Flights (Airline, FlightNo, SourceAirport, DestAirport) values ( 5 , 134,  'AFO',  'ADT');
	insert into 3nf_Flights (Airline, FlightNo, SourceAirport, DestAirport) values ( 5 , 135,  'ADT',  'AFO');
	insert into 3nf_Flights (Airline, FlightNo, SourceAirport, DestAirport) values ( 5 , 148,  'CAK',  'ALE');
	insert into 3nf_Flights (Airline, FlightNo, SourceAirport, DestAirport) values ( 5 , 149,  'ALE',  'CAK');
	insert into 3nf_Flights (Airline, FlightNo, SourceAirport, DestAirport) values ( 5 , 194,  'ASY',  'ALE');
	insert into 3nf_Flights (Airline, FlightNo, SourceAirport, DestAirport) values ( 5 , 195,  'ALE',  'ASY');
	insert into 3nf_Flights (Airline, FlightNo, SourceAirport, DestAirport) values ( 5 , 234,  'ALS',  'AET');
	insert into 3nf_Flights (Airline, FlightNo, SourceAirport, DestAirport) values ( 5 , 235,  'AET',  'ALS');
	insert into 3nf_Flights (Airline, FlightNo, SourceAirport, DestAirport) values ( 5 , 238,  'AHF',  'ABY');
	insert into 3nf_Flights (Airline, FlightNo, SourceAirport, DestAirport) values ( 5 , 239,  'ABY',  'AHF');
	insert into 3nf_Flights (Airline, FlightNo, SourceAirport, DestAirport) values ( 5 , 242,  'ADR',  'LTS');
	insert into 3nf_Flights (Airline, FlightNo, SourceAirport, DestAirport) values ( 5 , 243,  'LTS',  'ADR');
	insert into 3nf_Flights (Airline, FlightNo, SourceAirport, DestAirport) values ( 5 , 244,  'ALM',  'EDF');
	insert into 3nf_Flights (Airline, FlightNo, SourceAirport, DestAirport) values ( 5 , 245,  'EDF',  'ALM');
	insert into 3nf_Flights (Airline, FlightNo, SourceAirport, DestAirport) values ( 5 , 264,  'ARX',  'AHN');
	insert into 3nf_Flights (Airline, FlightNo, SourceAirport, DestAirport) values ( 5 , 265,  'AHN',  'ARX');
	insert into 3nf_Flights (Airline, FlightNo, SourceAirport, DestAirport) values ( 5 , 300,  'AXS',  'AXX');
	insert into 3nf_Flights (Airline, FlightNo, SourceAirport, DestAirport) values ( 5 , 301,  'AXX',  'AXS');
	insert into 3nf_Flights (Airline, FlightNo, SourceAirport, DestAirport) values ( 5 , 318,  'ARX',  'QAW');
	insert into 3nf_Flights (Airline, FlightNo, SourceAirport, DestAirport) values ( 5 , 319,  'QAW',  'ARX');
	insert into 3nf_Flights (Airline, FlightNo, SourceAirport, DestAirport) values ( 5 , 350,  'ATW',  'AOS');
	insert into 3nf_Flights (Airline, FlightNo, SourceAirport, DestAirport) values ( 5 , 351,  'AOS',  'ATW');
	insert into 3nf_Flights (Airline, FlightNo, SourceAirport, DestAirport) values ( 5 , 360,  'ARX',  'ANW');
	insert into 3nf_Flights (Airline, FlightNo, SourceAirport, DestAirport) values ( 5 , 361,  'ANW',  'ARX');
	insert into 3nf_Flights (Airline, FlightNo, SourceAirport, DestAirport) values ( 5 , 386,  'NDV',  'EDF');
	insert into 3nf_Flights (Airline, FlightNo, SourceAirport, DestAirport) values ( 5 , 387,  'EDF',  'NDV');
	insert into 3nf_Flights (Airline, FlightNo, SourceAirport, DestAirport) values ( 5 , 412,  'ALS',  'AHT');
	insert into 3nf_Flights (Airline, FlightNo, SourceAirport, DestAirport) values ( 5 , 413,  'AHT',  'ALS');
	insert into 3nf_Flights (Airline, FlightNo, SourceAirport, DestAirport) values ( 5 , 432,  'APV',  'TDW');
	insert into 3nf_Flights (Airline, FlightNo, SourceAirport, DestAirport) values ( 5 , 433,  'TDW',  'APV');
	insert into 3nf_Flights (Airline, FlightNo, SourceAirport, DestAirport) values ( 5 , 468,  'CVO',  'AXS');
	insert into 3nf_Flights (Airline, FlightNo, SourceAirport, DestAirport) values ( 5 , 469,  'AXS',  'CVO');
	insert into 3nf_Flights (Airline, FlightNo, SourceAirport, DestAirport) values ( 5 , 484,  'QAW',  'MMI');
	insert into 3nf_Flights (Airline, FlightNo, SourceAirport, DestAirport) values ( 5 , 485,  'MMI',  'QAW');
	insert into 3nf_Flights (Airline, FlightNo, SourceAirport, DestAirport) values ( 5 , 504,  'ASX',  'AND');
	insert into 3nf_Flights (Airline, FlightNo, SourceAirport, DestAirport) values ( 5 , 505,  'AND',  'ASX');
	insert into 3nf_Flights (Airline, FlightNo, SourceAirport, DestAirport) values ( 5 , 546,  'ALS',  'AOS');
	insert into 3nf_Flights (Airline, FlightNo, SourceAirport, DestAirport) values ( 5 , 547,  'AOS',  'ALS');
	insert into 3nf_Flights (Airline, FlightNo, SourceAirport, DestAirport) values ( 5 , 592,  'VJI',  'AIB');
	insert into 3nf_Flights (Airline, FlightNo, SourceAirport, DestAirport) values ( 5 , 593,  'AIB',  'VJI');
	insert into 3nf_Flights (Airline, FlightNo, SourceAirport, DestAirport) values ( 5 , 602,  'ANW',  'AHT');
	insert into 3nf_Flights (Airline, FlightNo, SourceAirport, DestAirport) values ( 5 , 603,  'AHT',  'ANW');
	insert into 3nf_Flights (Airline, FlightNo, SourceAirport, DestAirport) values ( 5 , 616,  'AHH',  'ASX');
	insert into 3nf_Flights (Airline, FlightNo, SourceAirport, DestAirport) values ( 5 , 617,  'ASX',  'AHH');
	insert into 3nf_Flights (Airline, FlightNo, SourceAirport, DestAirport) values ( 5 , 648,  'ASX',  'AND');
	insert into 3nf_Flights (Airline, FlightNo, SourceAirport, DestAirport) values ( 5 , 649,  'AND',  'ASX');
	insert into 3nf_Flights (Airline, FlightNo, SourceAirport, DestAirport) values ( 5 , 688,  'ANI',  'DYS');
	insert into 3nf_Flights (Airline, FlightNo, SourceAirport, DestAirport) values ( 5 , 689,  'DYS',  'ANI');
	insert into 3nf_Flights (Airline, FlightNo, SourceAirport, DestAirport) values ( 5 , 726,  'RFK',  'ASY');
	insert into 3nf_Flights (Airline, FlightNo, SourceAirport, DestAirport) values ( 5 , 727,  'ASY',  'RFK');
	insert into 3nf_Flights (Airline, FlightNo, SourceAirport, DestAirport) values ( 5 , 752,  'ASE',  'CVO');
	insert into 3nf_Flights (Airline, FlightNo, SourceAirport, DestAirport) values ( 5 , 753,  'CVO',  'ASE');
	insert into 3nf_Flights (Airline, FlightNo, SourceAirport, DestAirport) values ( 5 , 798,  'AGN',  'ESF');
	insert into 3nf_Flights (Airline, FlightNo, SourceAirport, DestAirport) values ( 5 , 799,  'ESF',  'AGN');
	insert into 3nf_Flights (Airline, FlightNo, SourceAirport, DestAirport) values ( 5 , 808,  'ARC',  'AMN');
	insert into 3nf_Flights (Airline, FlightNo, SourceAirport, DestAirport) values ( 5 , 809,  'AMN',  'ARC');
	insert into 3nf_Flights (Airline, FlightNo, SourceAirport, DestAirport) values ( 5 , 816,  'ALI',  'ABY');
	insert into 3nf_Flights (Airline, FlightNo, SourceAirport, DestAirport) values ( 5 , 817,  'ABY',  'ALI');
	insert into 3nf_Flights (Airline, FlightNo, SourceAirport, DestAirport) values ( 5 , 866,  'AND',  'ALE');
	insert into 3nf_Flights (Airline, FlightNo, SourceAirport, DestAirport) values ( 5 , 867,  'ALE',  'AND');
	insert into 3nf_Flights (Airline, FlightNo, SourceAirport, DestAirport) values ( 5 , 894,  'ALS',  'KQA');
	insert into 3nf_Flights (Airline, FlightNo, SourceAirport, DestAirport) values ( 5 , 895,  'KQA',  'ALS');
	insert into 3nf_Flights (Airline, FlightNo, SourceAirport, DestAirport) values ( 5 , 902,  'AFO',  'WKK');
	insert into 3nf_Flights (Airline, FlightNo, SourceAirport, DestAirport) values ( 5 , 903,  'WKK',  'AFO');
	insert into 3nf_Flights (Airline, FlightNo, SourceAirport, DestAirport) values ( 5 , 918,  'ASY',  'QAW');
	insert into 3nf_Flights (Airline, FlightNo, SourceAirport, DestAirport) values ( 5 , 919,  'QAW',  'ASY');
	insert into 3nf_Flights (Airline, FlightNo, SourceAirport, DestAirport) values ( 5 , 926,  'DYS',  'AAF');
	insert into 3nf_Flights (Airline, FlightNo, SourceAirport, DestAirport) values ( 5 , 927,  'AAF',  'DYS');
	insert into 3nf_Flights (Airline, FlightNo, SourceAirport, DestAirport) values ( 5 , 964,  'AXN',  'AYZ');
	insert into 3nf_Flights (Airline, FlightNo, SourceAirport, DestAirport) values ( 5 , 965,  'AYZ',  'AXN');
	insert into 3nf_Flights (Airline, FlightNo, SourceAirport, DestAirport) values ( 5 , 1010,  'RLI',  'LTS');
	insert into 3nf_Flights (Airline, FlightNo, SourceAirport, DestAirport) values ( 5 , 1011,  'LTS',  'RLI');
	insert into 3nf_Flights (Airline, FlightNo, SourceAirport, DestAirport) values ( 5 , 1054,  'ANN',  'ATW');
	insert into 3nf_Flights (Airline, FlightNo, SourceAirport, DestAirport) values ( 5 , 1055,  'ATW',  'ANN');
	insert into 3nf_Flights (Airline, FlightNo, SourceAirport, DestAirport) values ( 5 , 1088,  'ANV',  'AKO');
	insert into 3nf_Flights (Airline, FlightNo, SourceAirport, DestAirport) values ( 5 , 1089,  'AKO',  'ANV');
	insert into 3nf_Flights (Airline, FlightNo, SourceAirport, DestAirport) values ( 5 , 1128,  'ANB',  'ASY');
	insert into 3nf_Flights (Airline, FlightNo, SourceAirport, DestAirport) values ( 5 , 1129,  'ASY',  'ANB');
	insert into 3nf_Flights (Airline, FlightNo, SourceAirport, DestAirport) values ( 5 , 1178,  'ANQ',  'ALX');
	insert into 3nf_Flights (Airline, FlightNo, SourceAirport, DestAirport) values ( 5 , 1179,  'ALX',  'ANQ');
	insert into 3nf_Flights (Airline, FlightNo, SourceAirport, DestAirport) values ( 5 , 1204,  'AOS',  'AST');
	insert into 3nf_Flights (Airline, FlightNo, SourceAirport, DestAirport) values ( 5 , 1205,  'AST',  'AOS');
	insert into 3nf_Flights (Airline, FlightNo, SourceAirport, DestAirport) values ( 5 , 1248,  'ABR',  'ALE');
	insert into 3nf_Flights (Airline, FlightNo, SourceAirport, DestAirport) values ( 5 , 1249,  'ALE',  'ABR');
	insert into 3nf_Flights (Airline, FlightNo, SourceAirport, DestAirport) values ( 5 , 1276,  'AMN',  'KQA');
	insert into 3nf_Flights (Airline, FlightNo, SourceAirport, DestAirport) values ( 5 , 1277,  'KQA',  'AMN');
	insert into 3nf_Flights (Airline, FlightNo, SourceAirport, DestAirport) values ( 5 , 1324,  'DYS',  'TDW');
	insert into 3nf_Flights (Airline, FlightNo, SourceAirport, DestAirport) values ( 5 , 1325,  'TDW',  'DYS');
	insert into 3nf_Flights (Airline, FlightNo, SourceAirport, DestAirport) values ( 5 , 1334,  'CAK',  'AKC');
	insert into 3nf_Flights (Airline, FlightNo, SourceAirport, DestAirport) values ( 5 , 1335,  'AKC',  'CAK');
	insert into 3nf_Flights (Airline, FlightNo, SourceAirport, DestAirport) values ( 6 , 4,  'ALX',  'NAB');
	insert into 3nf_Flights (Airline, FlightNo, SourceAirport, DestAirport) values ( 6 , 5,  'NAB',  'ALX');
	insert into 3nf_Flights (Airline, FlightNo, SourceAirport, DestAirport) values ( 6 , 28,  'ABQ',  'APG');
	insert into 3nf_Flights (Airline, FlightNo, SourceAirport, DestAirport) values ( 6 , 29,  'APG',  'ABQ');
	insert into 3nf_Flights (Airline, FlightNo, SourceAirport, DestAirport) values ( 6 , 50,  'AIB',  'ALZ');
	insert into 3nf_Flights (Airline, FlightNo, SourceAirport, DestAirport) values ( 6 , 51,  'ALZ',  'AIB');
	insert into 3nf_Flights (Airline, FlightNo, SourceAirport, DestAirport) values ( 6 , 70,  'AKC',  'AAF');
	insert into 3nf_Flights (Airline, FlightNo, SourceAirport, DestAirport) values ( 6 , 71,  'AAF',  'AKC');
	insert into 3nf_Flights (Airline, FlightNo, SourceAirport, DestAirport) values ( 6 , 82,  'ABY',  'ATO');
	insert into 3nf_Flights (Airline, FlightNo, SourceAirport, DestAirport) values ( 6 , 83,  'ATO',  'ABY');
	insert into 3nf_Flights (Airline, FlightNo, SourceAirport, DestAirport) values ( 6 , 112,  'NAB',  'AKP');
	insert into 3nf_Flights (Airline, FlightNo, SourceAirport, DestAirport) values ( 6 , 113,  'AKP',  'NAB');
	insert into 3nf_Flights (Airline, FlightNo, SourceAirport, DestAirport) values ( 6 , 162,  'NDV',  'AOS');
	insert into 3nf_Flights (Airline, FlightNo, SourceAirport, DestAirport) values ( 6 , 163,  'AOS',  'NDV');
	insert into 3nf_Flights (Airline, FlightNo, SourceAirport, DestAirport) values ( 6 , 174,  'ANV',  'ALZ');
	insert into 3nf_Flights (Airline, FlightNo, SourceAirport, DestAirport) values ( 6 , 175,  'ALZ',  'ANV');
	insert into 3nf_Flights (Airline, FlightNo, SourceAirport, DestAirport) values ( 6 , 178,  'ABQ',  'ALI');
	insert into 3nf_Flights (Airline, FlightNo, SourceAirport, DestAirport) values ( 6 , 179,  'ALI',  'ABQ');
	insert into 3nf_Flights (Airline, FlightNo, SourceAirport, DestAirport) values ( 6 , 210,  'AXG',  'AQY');
	insert into 3nf_Flights (Airline, FlightNo, SourceAirport, DestAirport) values ( 6 , 211,  'AQY',  'AXG');
	insert into 3nf_Flights (Airline, FlightNo, SourceAirport, DestAirport) values ( 6 , 250,  'AXX',  'AED');
	insert into 3nf_Flights (Airline, FlightNo, SourceAirport, DestAirport) values ( 6 , 251,  'AED',  'AXX');
	insert into 3nf_Flights (Airline, FlightNo, SourceAirport, DestAirport) values ( 6 , 252,  'AXG',  'ANY');
	insert into 3nf_Flights (Airline, FlightNo, SourceAirport, DestAirport) values ( 6 , 253,  'ANY',  'AXG');
	insert into 3nf_Flights (Airline, FlightNo, SourceAirport, DestAirport) values ( 6 , 302,  'CAK',  'AIV');
	insert into 3nf_Flights (Airline, FlightNo, SourceAirport, DestAirport) values ( 6 , 303,  'AIV',  'CAK');
	insert into 3nf_Flights (Airline, FlightNo, SourceAirport, DestAirport) values ( 6 , 346,  'ARB',  'OTS');
	insert into 3nf_Flights (Airline, FlightNo, SourceAirport, DestAirport) values ( 6 , 347,  'OTS',  'ARB');
	insert into 3nf_Flights (Airline, FlightNo, SourceAirport, DestAirport) values ( 6 , 368,  'JLH',  'NAB');
	insert into 3nf_Flights (Airline, FlightNo, SourceAirport, DestAirport) values ( 6 , 369,  'NAB',  'JLH');
	insert into 3nf_Flights (Airline, FlightNo, SourceAirport, DestAirport) values ( 6 , 370,  'WKK',  'ADT');
	insert into 3nf_Flights (Airline, FlightNo, SourceAirport, DestAirport) values ( 6 , 371,  'ADT',  'WKK');
	insert into 3nf_Flights (Airline, FlightNo, SourceAirport, DestAirport) values ( 6 , 372,  'ATE',  'MMI');
	insert into 3nf_Flights (Airline, FlightNo, SourceAirport, DestAirport) values ( 6 , 373,  'MMI',  'ATE');
	insert into 3nf_Flights (Airline, FlightNo, SourceAirport, DestAirport) values ( 6 , 400,  'TDW',  'ABR');
	insert into 3nf_Flights (Airline, FlightNo, SourceAirport, DestAirport) values ( 6 , 401,  'ABR',  'TDW');
	insert into 3nf_Flights (Airline, FlightNo, SourceAirport, DestAirport) values ( 6 , 424,  'RFK',  'ALS');
	insert into 3nf_Flights (Airline, FlightNo, SourceAirport, DestAirport) values ( 6 , 425,  'ALS',  'RFK');
	insert into 3nf_Flights (Airline, FlightNo, SourceAirport, DestAirport) values ( 6 , 442,  'OTS',  'AXX');
	insert into 3nf_Flights (Airline, FlightNo, SourceAirport, DestAirport) values ( 6 , 443,  'AXX',  'OTS');
	insert into 3nf_Flights (Airline, FlightNo, SourceAirport, DestAirport) values ( 6 , 478,  'APG',  'AEL');
	insert into 3nf_Flights (Airline, FlightNo, SourceAirport, DestAirport) values ( 6 , 479,  'AEL',  'APG');
	insert into 3nf_Flights (Airline, FlightNo, SourceAirport, DestAirport) values ( 6 , 516,  'KKI',  'AKI');
	insert into 3nf_Flights (Airline, FlightNo, SourceAirport, DestAirport) values ( 6 , 517,  'AKI',  'KKI');
	insert into 3nf_Flights (Airline, FlightNo, SourceAirport, DestAirport) values ( 6 , 534,  'QAW',  'ABY');
	insert into 3nf_Flights (Airline, FlightNo, SourceAirport, DestAirport) values ( 6 , 535,  'ABY',  'QAW');
	insert into 3nf_Flights (Airline, FlightNo, SourceAirport, DestAirport) values ( 6 , 568,  'ASY',  'AMW');
	insert into 3nf_Flights (Airline, FlightNo, SourceAirport, DestAirport) values ( 6 , 569,  'AMW',  'ASY');
	insert into 3nf_Flights (Airline, FlightNo, SourceAirport, DestAirport) values ( 6 , 610,  'ANP',  'AXG');
	insert into 3nf_Flights (Airline, FlightNo, SourceAirport, DestAirport) values ( 6 , 611,  'AXG',  'ANP');
	insert into 3nf_Flights (Airline, FlightNo, SourceAirport, DestAirport) values ( 6 , 620,  'AST',  'OTS');
	insert into 3nf_Flights (Airline, FlightNo, SourceAirport, DestAirport) values ( 6 , 621,  'OTS',  'AST');
	insert into 3nf_Flights (Airline, FlightNo, SourceAirport, DestAirport) values ( 6 , 658,  'ALM',  'CVO');
	insert into 3nf_Flights (Airline, FlightNo, SourceAirport, DestAirport) values ( 6 , 659,  'CVO',  'ALM');
	insert into 3nf_Flights (Airline, FlightNo, SourceAirport, DestAirport) values ( 6 , 670,  'AYZ',  'HMN');
	insert into 3nf_Flights (Airline, FlightNo, SourceAirport, DestAirport) values ( 6 , 671,  'HMN',  'AYZ');
	insert into 3nf_Flights (Airline, FlightNo, SourceAirport, DestAirport) values ( 6 , 704,  'KKI',  'WKK');
	insert into 3nf_Flights (Airline, FlightNo, SourceAirport, DestAirport) values ( 6 , 705,  'WKK',  'KKI');
	insert into 3nf_Flights (Airline, FlightNo, SourceAirport, DestAirport) values ( 6 , 708,  'ANB',  'ALI');
	insert into 3nf_Flights (Airline, FlightNo, SourceAirport, DestAirport) values ( 6 , 709,  'ALI',  'ANB');
	insert into 3nf_Flights (Airline, FlightNo, SourceAirport, DestAirport) values ( 6 , 716,  'AKP',  'AHF');
	insert into 3nf_Flights (Airline, FlightNo, SourceAirport, DestAirport) values ( 6 , 717,  'AHF',  'AKP');
	insert into 3nf_Flights (Airline, FlightNo, SourceAirport, DestAirport) values ( 6 , 740,  'HMN',  'AXG');
	insert into 3nf_Flights (Airline, FlightNo, SourceAirport, DestAirport) values ( 6 , 741,  'AXG',  'HMN');
	insert into 3nf_Flights (Airline, FlightNo, SourceAirport, DestAirport) values ( 6 , 754,  'AAF',  'ARX');
	insert into 3nf_Flights (Airline, FlightNo, SourceAirport, DestAirport) values ( 6 , 755,  'ARX',  'AAF');
	insert into 3nf_Flights (Airline, FlightNo, SourceAirport, DestAirport) values ( 6 , 762,  'AMW',  'ATS');
	insert into 3nf_Flights (Airline, FlightNo, SourceAirport, DestAirport) values ( 6 , 763,  'ATS',  'AMW');
	insert into 3nf_Flights (Airline, FlightNo, SourceAirport, DestAirport) values ( 6 , 810,  'AHD',  'DYS');
	insert into 3nf_Flights (Airline, FlightNo, SourceAirport, DestAirport) values ( 6 , 811,  'DYS',  'AHD');
	insert into 3nf_Flights (Airline, FlightNo, SourceAirport, DestAirport) values ( 6 , 812,  'ARB',  'CAK');
	insert into 3nf_Flights (Airline, FlightNo, SourceAirport, DestAirport) values ( 6 , 813,  'CAK',  'ARB');
	insert into 3nf_Flights (Airline, FlightNo, SourceAirport, DestAirport) values ( 6 , 814,  'ANB',  'NGZ');
	insert into 3nf_Flights (Airline, FlightNo, SourceAirport, DestAirport) values ( 6 , 815,  'NGZ',  'ANB');
	insert into 3nf_Flights (Airline, FlightNo, SourceAirport, DestAirport) values ( 6 , 862,  'ANQ',  'AXX');
	insert into 3nf_Flights (Airline, FlightNo, SourceAirport, DestAirport) values ( 6 , 863,  'AXX',  'ANQ');
	insert into 3nf_Flights (Airline, FlightNo, SourceAirport, DestAirport) values ( 6 , 906,  'ARC',  'RFK');
	insert into 3nf_Flights (Airline, FlightNo, SourceAirport, DestAirport) values ( 6 , 907,  'RFK',  'ARC');
	insert into 3nf_Flights (Airline, FlightNo, SourceAirport, DestAirport) values ( 6 , 932,  'NDV',  'ASY');
	insert into 3nf_Flights (Airline, FlightNo, SourceAirport, DestAirport) values ( 6 , 933,  'ASY',  'NDV');
	insert into 3nf_Flights (Airline, FlightNo, SourceAirport, DestAirport) values ( 6 , 950,  'ALE',  'AIB');
	insert into 3nf_Flights (Airline, FlightNo, SourceAirport, DestAirport) values ( 6 , 951,  'AIB',  'ALE');
	insert into 3nf_Flights (Airline, FlightNo, SourceAirport, DestAirport) values ( 6 , 970,  'ASE',  'AOS');
	insert into 3nf_Flights (Airline, FlightNo, SourceAirport, DestAirport) values ( 6 , 971,  'AOS',  'ASE');
	insert into 3nf_Flights (Airline, FlightNo, SourceAirport, DestAirport) values ( 6 , 1012,  'AXS',  'VJI');
	insert into 3nf_Flights (Airline, FlightNo, SourceAirport, DestAirport) values ( 6 , 1013,  'VJI',  'AXS');
	insert into 3nf_Flights (Airline, FlightNo, SourceAirport, DestAirport) values ( 6 , 1020,  'MRI',  'AXG');
	insert into 3nf_Flights (Airline, FlightNo, SourceAirport, DestAirport) values ( 6 , 1021,  'AXG',  'MRI');
	insert into 3nf_Flights (Airline, FlightNo, SourceAirport, DestAirport) values ( 6 , 1070,  'ADK',  'ABR');
	insert into 3nf_Flights (Airline, FlightNo, SourceAirport, DestAirport) values ( 6 , 1071,  'ABR',  'ADK');
	insert into 3nf_Flights (Airline, FlightNo, SourceAirport, DestAirport) values ( 6 , 1114,  'AEX',  'NDV');
	insert into 3nf_Flights (Airline, FlightNo, SourceAirport, DestAirport) values ( 6 , 1115,  'NDV',  'AEX');
	insert into 3nf_Flights (Airline, FlightNo, SourceAirport, DestAirport) values ( 6 , 1132,  'AOS',  'MRI');
	insert into 3nf_Flights (Airline, FlightNo, SourceAirport, DestAirport) values ( 6 , 1133,  'MRI',  'AOS');
	insert into 3nf_Flights (Airline, FlightNo, SourceAirport, DestAirport) values ( 6 , 1144,  'ALS',  'AEL');
	insert into 3nf_Flights (Airline, FlightNo, SourceAirport, DestAirport) values ( 6 , 1145,  'AEL',  'ALS');
	insert into 3nf_Flights (Airline, FlightNo, SourceAirport, DestAirport) values ( 6 , 1154,  'AIK',  'AIB');
	insert into 3nf_Flights (Airline, FlightNo, SourceAirport, DestAirport) values ( 6 , 1155,  'AIB',  'AIK');
	insert into 3nf_Flights (Airline, FlightNo, SourceAirport, DestAirport) values ( 6 , 1194,  'AAF',  'AXG');
	insert into 3nf_Flights (Airline, FlightNo, SourceAirport, DestAirport) values ( 6 , 1195,  'AXG',  'AAF');
	insert into 3nf_Flights (Airline, FlightNo, SourceAirport, DestAirport) values ( 7 , 44,  'AKI',  'ABR');
	insert into 3nf_Flights (Airline, FlightNo, SourceAirport, DestAirport) values ( 7 , 45,  'ABR',  'AKI');
	insert into 3nf_Flights (Airline, FlightNo, SourceAirport, DestAirport) values ( 7 , 58,  'ASX',  'AST');
	insert into 3nf_Flights (Airline, FlightNo, SourceAirport, DestAirport) values ( 7 , 59,  'AST',  'ASX');
	insert into 3nf_Flights (Airline, FlightNo, SourceAirport, DestAirport) values ( 7 , 68,  'EDF',  'AFO');
	insert into 3nf_Flights (Airline, FlightNo, SourceAirport, DestAirport) values ( 7 , 69,  'AFO',  'EDF');
	insert into 3nf_Flights (Airline, FlightNo, SourceAirport, DestAirport) values ( 7 , 76,  'ARB',  'ABL');
	insert into 3nf_Flights (Airline, FlightNo, SourceAirport, DestAirport) values ( 7 , 77,  'ABL',  'ARB');
	insert into 3nf_Flights (Airline, FlightNo, SourceAirport, DestAirport) values ( 7 , 114,  'ARB',  'ADK');
	insert into 3nf_Flights (Airline, FlightNo, SourceAirport, DestAirport) values ( 7 , 115,  'ADK',  'ARB');
	insert into 3nf_Flights (Airline, FlightNo, SourceAirport, DestAirport) values ( 7 , 118,  'AKK',  'ANW');
	insert into 3nf_Flights (Airline, FlightNo, SourceAirport, DestAirport) values ( 7 , 119,  'ANW',  'AKK');
	insert into 3nf_Flights (Airline, FlightNo, SourceAirport, DestAirport) values ( 7 , 120,  'AKI',  'ALX');
	insert into 3nf_Flights (Airline, FlightNo, SourceAirport, DestAirport) values ( 7 , 121,  'ALX',  'AKI');
	insert into 3nf_Flights (Airline, FlightNo, SourceAirport, DestAirport) values ( 7 , 122,  'KKI',  'ANN');
	insert into 3nf_Flights (Airline, FlightNo, SourceAirport, DestAirport) values ( 7 , 123,  'ANN',  'KKI');
	insert into 3nf_Flights (Airline, FlightNo, SourceAirport, DestAirport) values ( 7 , 152,  'AXG',  'MRI');
	insert into 3nf_Flights (Airline, FlightNo, SourceAirport, DestAirport) values ( 7 , 153,  'MRI',  'AXG');
	insert into 3nf_Flights (Airline, FlightNo, SourceAirport, DestAirport) values ( 7 , 188,  'AND',  'ALZ');
	insert into 3nf_Flights (Airline, FlightNo, SourceAirport, DestAirport) values ( 7 , 189,  'ALZ',  'AND');
	insert into 3nf_Flights (Airline, FlightNo, SourceAirport, DestAirport) values ( 7 , 230,  'NGZ',  'ABY');
	insert into 3nf_Flights (Airline, FlightNo, SourceAirport, DestAirport) values ( 7 , 231,  'ABY',  'NGZ');
	insert into 3nf_Flights (Airline, FlightNo, SourceAirport, DestAirport) values ( 7 , 250,  'AXS',  'ATS');
	insert into 3nf_Flights (Airline, FlightNo, SourceAirport, DestAirport) values ( 7 , 251,  'ATS',  'AXS');
	insert into 3nf_Flights (Airline, FlightNo, SourceAirport, DestAirport) values ( 7 , 294,  'AET',  'AKP');
	insert into 3nf_Flights (Airline, FlightNo, SourceAirport, DestAirport) values ( 7 , 295,  'AKP',  'AET');
	insert into 3nf_Flights (Airline, FlightNo, SourceAirport, DestAirport) values ( 7 , 312,  'AIV',  'ALE');
	insert into 3nf_Flights (Airline, FlightNo, SourceAirport, DestAirport) values ( 7 , 313,  'ALE',  'AIV');
	insert into 3nf_Flights (Airline, FlightNo, SourceAirport, DestAirport) values ( 7 , 316,  'AST',  'AKI');
	insert into 3nf_Flights (Airline, FlightNo, SourceAirport, DestAirport) values ( 7 , 317,  'AKI',  'AST');
	insert into 3nf_Flights (Airline, FlightNo, SourceAirport, DestAirport) values ( 7 , 336,  'AXG',  'AUK');
	insert into 3nf_Flights (Airline, FlightNo, SourceAirport, DestAirport) values ( 7 , 337,  'AUK',  'AXG');
	insert into 3nf_Flights (Airline, FlightNo, SourceAirport, DestAirport) values ( 7 , 370,  'QAW',  'ATW');
	insert into 3nf_Flights (Airline, FlightNo, SourceAirport, DestAirport) values ( 7 , 371,  'ATW',  'QAW');
	insert into 3nf_Flights (Airline, FlightNo, SourceAirport, DestAirport) values ( 7 , 398,  'JLH',  'AET');
	insert into 3nf_Flights (Airline, FlightNo, SourceAirport, DestAirport) values ( 7 , 399,  'AET',  'JLH');
	insert into 3nf_Flights (Airline, FlightNo, SourceAirport, DestAirport) values ( 7 , 408,  'AMN',  'ADG');
	insert into 3nf_Flights (Airline, FlightNo, SourceAirport, DestAirport) values ( 7 , 409,  'ADG',  'AMN');
	insert into 3nf_Flights (Airline, FlightNo, SourceAirport, DestAirport) values ( 7 , 454,  'KQA',  'ADK');
	insert into 3nf_Flights (Airline, FlightNo, SourceAirport, DestAirport) values ( 7 , 455,  'ADK',  'KQA');
	insert into 3nf_Flights (Airline, FlightNo, SourceAirport, DestAirport) values ( 7 , 484,  'ALX',  'AKK');
	insert into 3nf_Flights (Airline, FlightNo, SourceAirport, DestAirport) values ( 7 , 485,  'AKK',  'ALX');
	insert into 3nf_Flights (Airline, FlightNo, SourceAirport, DestAirport) values ( 7 , 492,  'OTS',  'NAB');
	insert into 3nf_Flights (Airline, FlightNo, SourceAirport, DestAirport) values ( 7 , 493,  'NAB',  'OTS');
	insert into 3nf_Flights (Airline, FlightNo, SourceAirport, DestAirport) values ( 7 , 542,  'WKK',  'ANC');
	insert into 3nf_Flights (Airline, FlightNo, SourceAirport, DestAirport) values ( 7 , 543,  'ANC',  'WKK');
	insert into 3nf_Flights (Airline, FlightNo, SourceAirport, DestAirport) values ( 7 , 560,  'ATW',  'ASE');
	insert into 3nf_Flights (Airline, FlightNo, SourceAirport, DestAirport) values ( 7 , 561,  'ASE',  'ATW');
	insert into 3nf_Flights (Airline, FlightNo, SourceAirport, DestAirport) values ( 7 , 570,  'OTS',  'ADG');
	insert into 3nf_Flights (Airline, FlightNo, SourceAirport, DestAirport) values ( 7 , 571,  'ADG',  'OTS');
	insert into 3nf_Flights (Airline, FlightNo, SourceAirport, DestAirport) values ( 7 , 614,  'AIA',  'AMW');
	insert into 3nf_Flights (Airline, FlightNo, SourceAirport, DestAirport) values ( 7 , 615,  'AMW',  'AIA');
	insert into 3nf_Flights (Airline, FlightNo, SourceAirport, DestAirport) values ( 7 , 662,  'ATS',  'AKO');
	insert into 3nf_Flights (Airline, FlightNo, SourceAirport, DestAirport) values ( 7 , 663,  'AKO',  'ATS');
	insert into 3nf_Flights (Airline, FlightNo, SourceAirport, DestAirport) values ( 7 , 670,  'ANA',  'ADR');
	insert into 3nf_Flights (Airline, FlightNo, SourceAirport, DestAirport) values ( 7 , 671,  'ADR',  'ANA');
	insert into 3nf_Flights (Airline, FlightNo, SourceAirport, DestAirport) values ( 7 , 714,  'ARC',  'ALM');
	insert into 3nf_Flights (Airline, FlightNo, SourceAirport, DestAirport) values ( 7 , 715,  'ALM',  'ARC');
	insert into 3nf_Flights (Airline, FlightNo, SourceAirport, DestAirport) values ( 7 , 720,  'AED',  'KQA');
	insert into 3nf_Flights (Airline, FlightNo, SourceAirport, DestAirport) values ( 7 , 721,  'KQA',  'AED');
	insert into 3nf_Flights (Airline, FlightNo, SourceAirport, DestAirport) values ( 7 , 722,  'AST',  'CAK');
	insert into 3nf_Flights (Airline, FlightNo, SourceAirport, DestAirport) values ( 7 , 723,  'CAK',  'AST');
	insert into 3nf_Flights (Airline, FlightNo, SourceAirport, DestAirport) values ( 7 , 736,  'ARX',  'ABY');
	insert into 3nf_Flights (Airline, FlightNo, SourceAirport, DestAirport) values ( 7 , 737,  'ABY',  'ARX');
	insert into 3nf_Flights (Airline, FlightNo, SourceAirport, DestAirport) values ( 7 , 754,  'ABR',  'MMI');
	insert into 3nf_Flights (Airline, FlightNo, SourceAirport, DestAirport) values ( 7 , 755,  'MMI',  'ABR');
	insert into 3nf_Flights (Airline, FlightNo, SourceAirport, DestAirport) values ( 7 , 792,  'AIA',  'NGZ');
	insert into 3nf_Flights (Airline, FlightNo, SourceAirport, DestAirport) values ( 7 , 793,  'NGZ',  'AIA');
	insert into 3nf_Flights (Airline, FlightNo, SourceAirport, DestAirport) values ( 7 , 812,  'AND',  'AXN');
	insert into 3nf_Flights (Airline, FlightNo, SourceAirport, DestAirport) values ( 7 , 813,  'AXN',  'AND');
	insert into 3nf_Flights (Airline, FlightNo, SourceAirport, DestAirport) values ( 7 , 818,  'AXN',  'AEX');
	insert into 3nf_Flights (Airline, FlightNo, SourceAirport, DestAirport) values ( 7 , 819,  'AEX',  'AXN');
	insert into 3nf_Flights (Airline, FlightNo, SourceAirport, DestAirport) values ( 7 , 844,  'MMI',  'AOS');
	insert into 3nf_Flights (Airline, FlightNo, SourceAirport, DestAirport) values ( 7 , 845,  'AOS',  'MMI');
	insert into 3nf_Flights (Airline, FlightNo, SourceAirport, DestAirport) values ( 7 , 854,  'KQA',  'APN');
	insert into 3nf_Flights (Airline, FlightNo, SourceAirport, DestAirport) values ( 7 , 855,  'APN',  'KQA');
	insert into 3nf_Flights (Airline, FlightNo, SourceAirport, DestAirport) values ( 7 , 856,  'LTS',  'TDW');
	insert into 3nf_Flights (Airline, FlightNo, SourceAirport, DestAirport) values ( 7 , 857,  'TDW',  'LTS');
	insert into 3nf_Flights (Airline, FlightNo, SourceAirport, DestAirport) values ( 7 , 898,  'AYZ',  'MRI');
	insert into 3nf_Flights (Airline, FlightNo, SourceAirport, DestAirport) values ( 7 , 899,  'MRI',  'AYZ');
	insert into 3nf_Flights (Airline, FlightNo, SourceAirport, DestAirport) values ( 7 , 942,  'AKP',  'AIB');
	insert into 3nf_Flights (Airline, FlightNo, SourceAirport, DestAirport) values ( 7 , 943,  'AIB',  'AKP');
	insert into 3nf_Flights (Airline, FlightNo, SourceAirport, DestAirport) values ( 7 , 948,  'AKK',  'OTS');
	insert into 3nf_Flights (Airline, FlightNo, SourceAirport, DestAirport) values ( 7 , 949,  'OTS',  'AKK');
	insert into 3nf_Flights (Airline, FlightNo, SourceAirport, DestAirport) values ( 7 , 980,  'AUK',  'AIA');
	insert into 3nf_Flights (Airline, FlightNo, SourceAirport, DestAirport) values ( 7 , 981,  'AIA',  'AUK');
	insert into 3nf_Flights (Airline, FlightNo, SourceAirport, DestAirport) values ( 7 , 1030,  'AED',  'AXS');
	insert into 3nf_Flights (Airline, FlightNo, SourceAirport, DestAirport) values ( 7 , 1031,  'AXS',  'AED');
	insert into 3nf_Flights (Airline, FlightNo, SourceAirport, DestAirport) values ( 7 , 1070,  'AET',  'ARB');
	insert into 3nf_Flights (Airline, FlightNo, SourceAirport, DestAirport) values ( 7 , 1071,  'ARB',  'AET');
	insert into 3nf_Flights (Airline, FlightNo, SourceAirport, DestAirport) values ( 7 , 1080,  'AHF',  'AGN');
	insert into 3nf_Flights (Airline, FlightNo, SourceAirport, DestAirport) values ( 7 , 1081,  'AGN',  'AHF');
	insert into 3nf_Flights (Airline, FlightNo, SourceAirport, DestAirport) values ( 7 , 1096,  'ABI',  'EDF');
	insert into 3nf_Flights (Airline, FlightNo, SourceAirport, DestAirport) values ( 7 , 1097,  'EDF',  'ABI');
	insert into 3nf_Flights (Airline, FlightNo, SourceAirport, DestAirport) values ( 7 , 1118,  'MMI',  'AKI');
	insert into 3nf_Flights (Airline, FlightNo, SourceAirport, DestAirport) values ( 7 , 1119,  'AKI',  'MMI');
	insert into 3nf_Flights (Airline, FlightNo, SourceAirport, DestAirport) values ( 7 , 1126,  'AKI',  'ESF');
	insert into 3nf_Flights (Airline, FlightNo, SourceAirport, DestAirport) values ( 7 , 1127,  'ESF',  'AKI');
	insert into 3nf_Flights (Airline, FlightNo, SourceAirport, DestAirport) values ( 7 , 1138,  'VJI',  'ESF');
	insert into 3nf_Flights (Airline, FlightNo, SourceAirport, DestAirport) values ( 7 , 1139,  'ESF',  'VJI');
	insert into 3nf_Flights (Airline, FlightNo, SourceAirport, DestAirport) values ( 8 , 42,  'ABY',  'ALM');
	insert into 3nf_Flights (Airline, FlightNo, SourceAirport, DestAirport) values ( 8 , 43,  'ALM',  'ABY');
	insert into 3nf_Flights (Airline, FlightNo, SourceAirport, DestAirport) values ( 8 , 88,  'KQA',  'AMW');
	insert into 3nf_Flights (Airline, FlightNo, SourceAirport, DestAirport) values ( 8 , 89,  'AMW',  'KQA');
	insert into 3nf_Flights (Airline, FlightNo, SourceAirport, DestAirport) values ( 8 , 132,  'AKK',  'AIK');
	insert into 3nf_Flights (Airline, FlightNo, SourceAirport, DestAirport) values ( 8 , 133,  'AIK',  'AKK');
	insert into 3nf_Flights (Airline, FlightNo, SourceAirport, DestAirport) values ( 8 , 170,  'LTS',  'EDF');
	insert into 3nf_Flights (Airline, FlightNo, SourceAirport, DestAirport) values ( 8 , 171,  'EDF',  'LTS');
	insert into 3nf_Flights (Airline, FlightNo, SourceAirport, DestAirport) values ( 8 , 174,  'DYS',  'ABQ');
	insert into 3nf_Flights (Airline, FlightNo, SourceAirport, DestAirport) values ( 8 , 175,  'ABQ',  'DYS');
	insert into 3nf_Flights (Airline, FlightNo, SourceAirport, DestAirport) values ( 8 , 210,  'CAK',  'ANP');
	insert into 3nf_Flights (Airline, FlightNo, SourceAirport, DestAirport) values ( 8 , 211,  'ANP',  'CAK');
	insert into 3nf_Flights (Airline, FlightNo, SourceAirport, DestAirport) values ( 8 , 246,  'AIK',  'AST');
	insert into 3nf_Flights (Airline, FlightNo, SourceAirport, DestAirport) values ( 8 , 247,  'AST',  'AIK');
	insert into 3nf_Flights (Airline, FlightNo, SourceAirport, DestAirport) values ( 8 , 292,  'QAW',  'DYS');
	insert into 3nf_Flights (Airline, FlightNo, SourceAirport, DestAirport) values ( 8 , 293,  'DYS',  'QAW');
	insert into 3nf_Flights (Airline, FlightNo, SourceAirport, DestAirport) values ( 8 , 336,  'KKI',  'ALE');
	insert into 3nf_Flights (Airline, FlightNo, SourceAirport, DestAirport) values ( 8 , 337,  'ALE',  'KKI');
	insert into 3nf_Flights (Airline, FlightNo, SourceAirport, DestAirport) values ( 8 , 372,  'AHF',  'AKC');
	insert into 3nf_Flights (Airline, FlightNo, SourceAirport, DestAirport) values ( 8 , 373,  'AKC',  'AHF');
	insert into 3nf_Flights (Airline, FlightNo, SourceAirport, DestAirport) values ( 8 , 420,  'AKP',  'ADT');
	insert into 3nf_Flights (Airline, FlightNo, SourceAirport, DestAirport) values ( 8 , 421,  'ADT',  'AKP');
	insert into 3nf_Flights (Airline, FlightNo, SourceAirport, DestAirport) values ( 8 , 468,  'HMN',  'AGN');
	insert into 3nf_Flights (Airline, FlightNo, SourceAirport, DestAirport) values ( 8 , 469,  'AGN',  'HMN');
	insert into 3nf_Flights (Airline, FlightNo, SourceAirport, DestAirport) values ( 8 , 512,  'ABQ',  'ADK');
	insert into 3nf_Flights (Airline, FlightNo, SourceAirport, DestAirport) values ( 8 , 513,  'ADK',  'ABQ');
	insert into 3nf_Flights (Airline, FlightNo, SourceAirport, DestAirport) values ( 8 , 536,  'AKC',  'ANV');
	insert into 3nf_Flights (Airline, FlightNo, SourceAirport, DestAirport) values ( 8 , 537,  'ANV',  'AKC');
	insert into 3nf_Flights (Airline, FlightNo, SourceAirport, DestAirport) values ( 8 , 542,  'ABQ',  'NGZ');
	insert into 3nf_Flights (Airline, FlightNo, SourceAirport, DestAirport) values ( 8 , 543,  'NGZ',  'ABQ');
	insert into 3nf_Flights (Airline, FlightNo, SourceAirport, DestAirport) values ( 8 , 576,  'AIV',  'AMA');
	insert into 3nf_Flights (Airline, FlightNo, SourceAirport, DestAirport) values ( 8 , 577,  'AMA',  'AIV');
	insert into 3nf_Flights (Airline, FlightNo, SourceAirport, DestAirport) values ( 8 , 588,  'AEX',  'AXN');
	insert into 3nf_Flights (Airline, FlightNo, SourceAirport, DestAirport) values ( 8 , 589,  'AXN',  'AEX');
	insert into 3nf_Flights (Airline, FlightNo, SourceAirport, DestAirport) values ( 8 , 604,  'ASY',  'ASE');
	insert into 3nf_Flights (Airline, FlightNo, SourceAirport, DestAirport) values ( 8 , 605,  'ASE',  'ASY');
	insert into 3nf_Flights (Airline, FlightNo, SourceAirport, DestAirport) values ( 8 , 640,  'ABQ',  'AOS');
	insert into 3nf_Flights (Airline, FlightNo, SourceAirport, DestAirport) values ( 8 , 641,  'AOS',  'ABQ');
	insert into 3nf_Flights (Airline, FlightNo, SourceAirport, DestAirport) values ( 8 , 652,  'AHF',  'AHD');
	insert into 3nf_Flights (Airline, FlightNo, SourceAirport, DestAirport) values ( 8 , 653,  'AHD',  'AHF');
	insert into 3nf_Flights (Airline, FlightNo, SourceAirport, DestAirport) values ( 8 , 670,  'ASY',  'CVO');
	insert into 3nf_Flights (Airline, FlightNo, SourceAirport, DestAirport) values ( 8 , 671,  'CVO',  'ASY');
	insert into 3nf_Flights (Airline, FlightNo, SourceAirport, DestAirport) values ( 8 , 714,  'JLH',  'AAF');
	insert into 3nf_Flights (Airline, FlightNo, SourceAirport, DestAirport) values ( 8 , 715,  'AAF',  'JLH');
	insert into 3nf_Flights (Airline, FlightNo, SourceAirport, DestAirport) values ( 8 , 726,  'ACV',  'ASY');
	insert into 3nf_Flights (Airline, FlightNo, SourceAirport, DestAirport) values ( 8 , 727,  'ASY',  'ACV');
	insert into 3nf_Flights (Airline, FlightNo, SourceAirport, DestAirport) values ( 8 , 736,  'ACV',  'ABQ');
	insert into 3nf_Flights (Airline, FlightNo, SourceAirport, DestAirport) values ( 8 , 737,  'ABQ',  'ACV');
	insert into 3nf_Flights (Airline, FlightNo, SourceAirport, DestAirport) values ( 8 , 752,  'AEL',  'ATE');
	insert into 3nf_Flights (Airline, FlightNo, SourceAirport, DestAirport) values ( 8 , 753,  'ATE',  'AEL');
	insert into 3nf_Flights (Airline, FlightNo, SourceAirport, DestAirport) values ( 8 , 792,  'ANY',  'ANP');
	insert into 3nf_Flights (Airline, FlightNo, SourceAirport, DestAirport) values ( 8 , 793,  'ANP',  'ANY');
	insert into 3nf_Flights (Airline, FlightNo, SourceAirport, DestAirport) values ( 8 , 832,  'AAF',  'MMI');
	insert into 3nf_Flights (Airline, FlightNo, SourceAirport, DestAirport) values ( 8 , 833,  'MMI',  'AAF');
	insert into 3nf_Flights (Airline, FlightNo, SourceAirport, DestAirport) values ( 8 , 836,  'APN',  'ALB');
	insert into 3nf_Flights (Airline, FlightNo, SourceAirport, DestAirport) values ( 8 , 837,  'ALB',  'APN');
	insert into 3nf_Flights (Airline, FlightNo, SourceAirport, DestAirport) values ( 8 , 872,  'ABY',  'CAK');
	insert into 3nf_Flights (Airline, FlightNo, SourceAirport, DestAirport) values ( 8 , 873,  'CAK',  'ABY');
	insert into 3nf_Flights (Airline, FlightNo, SourceAirport, DestAirport) values ( 8 , 908,  'MMI',  'ABR');
	insert into 3nf_Flights (Airline, FlightNo, SourceAirport, DestAirport) values ( 8 , 909,  'ABR',  'MMI');
	insert into 3nf_Flights (Airline, FlightNo, SourceAirport, DestAirport) values ( 8 , 956,  'ADK',  'AQY');
	insert into 3nf_Flights (Airline, FlightNo, SourceAirport, DestAirport) values ( 8 , 957,  'AQY',  'ADK');
	insert into 3nf_Flights (Airline, FlightNo, SourceAirport, DestAirport) values ( 8 , 994,  'ABY',  'AXB');
	insert into 3nf_Flights (Airline, FlightNo, SourceAirport, DestAirport) values ( 8 , 995,  'AXB',  'ABY');
	insert into 3nf_Flights (Airline, FlightNo, SourceAirport, DestAirport) values ( 8 , 1038,  'EDF',  'ARX');
	insert into 3nf_Flights (Airline, FlightNo, SourceAirport, DestAirport) values ( 8 , 1039,  'ARX',  'EDF');
	insert into 3nf_Flights (Airline, FlightNo, SourceAirport, DestAirport) values ( 8 , 1050,  'RFK',  'CVO');
	insert into 3nf_Flights (Airline, FlightNo, SourceAirport, DestAirport) values ( 8 , 1051,  'CVO',  'RFK');
	insert into 3nf_Flights (Airline, FlightNo, SourceAirport, DestAirport) values ( 8 , 1086,  'EDF',  'AFO');
	insert into 3nf_Flights (Airline, FlightNo, SourceAirport, DestAirport) values ( 8 , 1087,  'AFO',  'EDF');
	insert into 3nf_Flights (Airline, FlightNo, SourceAirport, DestAirport) values ( 8 , 1096,  'ANP',  'NAB');
	insert into 3nf_Flights (Airline, FlightNo, SourceAirport, DestAirport) values ( 8 , 1097,  'NAB',  'ANP');
	insert into 3nf_Flights (Airline, FlightNo, SourceAirport, DestAirport) values ( 8 , 1138,  'DYS',  'AAF');
	insert into 3nf_Flights (Airline, FlightNo, SourceAirport, DestAirport) values ( 8 , 1139,  'AAF',  'DYS');
	insert into 3nf_Flights (Airline, FlightNo, SourceAirport, DestAirport) values ( 8 , 1182,  'AKI',  'ARC');
	insert into 3nf_Flights (Airline, FlightNo, SourceAirport, DestAirport) values ( 8 , 1183,  'ARC',  'AKI');
	insert into 3nf_Flights (Airline, FlightNo, SourceAirport, DestAirport) values ( 8 , 1232,  'NDV',  'AKI');
	insert into 3nf_Flights (Airline, FlightNo, SourceAirport, DestAirport) values ( 8 , 1233,  'AKI',  'NDV');
	insert into 3nf_Flights (Airline, FlightNo, SourceAirport, DestAirport) values ( 8 , 1278,  'ANB',  'ANP');
	insert into 3nf_Flights (Airline, FlightNo, SourceAirport, DestAirport) values ( 8 , 1279,  'ANP',  'ANB');
	insert into 3nf_Flights (Airline, FlightNo, SourceAirport, DestAirport) values ( 8 , 1280,  'ATO',  'AET');
	insert into 3nf_Flights (Airline, FlightNo, SourceAirport, DestAirport) values ( 8 , 1281,  'AET',  'ATO');
	insert into 3nf_Flights (Airline, FlightNo, SourceAirport, DestAirport) values ( 8 , 1308,  'ADG',  'ALS');
	insert into 3nf_Flights (Airline, FlightNo, SourceAirport, DestAirport) values ( 8 , 1309,  'ALS',  'ADG');
	insert into 3nf_Flights (Airline, FlightNo, SourceAirport, DestAirport) values ( 8 , 1346,  'AND',  'ESF');
	insert into 3nf_Flights (Airline, FlightNo, SourceAirport, DestAirport) values ( 8 , 1347,  'ESF',  'AND');
	insert into 3nf_Flights (Airline, FlightNo, SourceAirport, DestAirport) values ( 8 , 1348,  'ANI',  'AHF');
	insert into 3nf_Flights (Airline, FlightNo, SourceAirport, DestAirport) values ( 8 , 1349,  'AHF',  'ANI');
	insert into 3nf_Flights (Airline, FlightNo, SourceAirport, DestAirport) values ( 8 , 1376,  'WKK',  'ASE');
	insert into 3nf_Flights (Airline, FlightNo, SourceAirport, DestAirport) values ( 8 , 1377,  'ASE',  'WKK');
	insert into 3nf_Flights (Airline, FlightNo, SourceAirport, DestAirport) values ( 8 , 1418,  'AEL',  'ATS');
	insert into 3nf_Flights (Airline, FlightNo, SourceAirport, DestAirport) values ( 8 , 1419,  'ATS',  'AEL');
	insert into 3nf_Flights (Airline, FlightNo, SourceAirport, DestAirport) values ( 8 , 1420,  'ALM',  'ANV');
	insert into 3nf_Flights (Airline, FlightNo, SourceAirport, DestAirport) values ( 8 , 1421,  'ANV',  'ALM');
	insert into 3nf_Flights (Airline, FlightNo, SourceAirport, DestAirport) values ( 8 , 1468,  'AID',  'JLH');
	insert into 3nf_Flights (Airline, FlightNo, SourceAirport, DestAirport) values ( 8 , 1469,  'JLH',  'AID');
	insert into 3nf_Flights (Airline, FlightNo, SourceAirport, DestAirport) values ( 8 , 1490,  'ANB',  'JLH');
	insert into 3nf_Flights (Airline, FlightNo, SourceAirport, DestAirport) values ( 8 , 1491,  'JLH',  'ANB');
	insert into 3nf_Flights (Airline, FlightNo, SourceAirport, DestAirport) values ( 8 , 1534,  'AMN',  'CAK');
	insert into 3nf_Flights (Airline, FlightNo, SourceAirport, DestAirport) values ( 8 , 1535,  'CAK',  'AMN');
	insert into 3nf_Flights (Airline, FlightNo, SourceAirport, DestAirport) values ( 9 , 12,  'ACV',  'ATW');
	insert into 3nf_Flights (Airline, FlightNo, SourceAirport, DestAirport) values ( 9 , 13,  'ATW',  'ACV');
	insert into 3nf_Flights (Airline, FlightNo, SourceAirport, DestAirport) values ( 9 , 62,  'AYZ',  'ANI');
	insert into 3nf_Flights (Airline, FlightNo, SourceAirport, DestAirport) values ( 9 , 63,  'ANI',  'AYZ');
	insert into 3nf_Flights (Airline, FlightNo, SourceAirport, DestAirport) values ( 9 , 78,  'ASE',  'JLH');
	insert into 3nf_Flights (Airline, FlightNo, SourceAirport, DestAirport) values ( 9 , 79,  'JLH',  'ASE');
	insert into 3nf_Flights (Airline, FlightNo, SourceAirport, DestAirport) values ( 9 , 84,  'ACV',  'AKI');
	insert into 3nf_Flights (Airline, FlightNo, SourceAirport, DestAirport) values ( 9 , 85,  'AKI',  'ACV');
	insert into 3nf_Flights (Airline, FlightNo, SourceAirport, DestAirport) values ( 9 , 120,  'ABI',  'AMA');
	insert into 3nf_Flights (Airline, FlightNo, SourceAirport, DestAirport) values ( 9 , 121,  'AMA',  'ABI');
	insert into 3nf_Flights (Airline, FlightNo, SourceAirport, DestAirport) values ( 9 , 158,  'AKO',  'AQY');
	insert into 3nf_Flights (Airline, FlightNo, SourceAirport, DestAirport) values ( 9 , 159,  'AQY',  'AKO');
	insert into 3nf_Flights (Airline, FlightNo, SourceAirport, DestAirport) values ( 9 , 178,  'QAW',  'VJI');
	insert into 3nf_Flights (Airline, FlightNo, SourceAirport, DestAirport) values ( 9 , 179,  'VJI',  'QAW');
	insert into 3nf_Flights (Airline, FlightNo, SourceAirport, DestAirport) values ( 9 , 224,  'ASY',  'AHF');
	insert into 3nf_Flights (Airline, FlightNo, SourceAirport, DestAirport) values ( 9 , 225,  'AHF',  'ASY');
	insert into 3nf_Flights (Airline, FlightNo, SourceAirport, DestAirport) values ( 9 , 230,  'ANY',  'ABQ');
	insert into 3nf_Flights (Airline, FlightNo, SourceAirport, DestAirport) values ( 9 , 231,  'ABQ',  'ANY');
	insert into 3nf_Flights (Airline, FlightNo, SourceAirport, DestAirport) values ( 9 , 270,  'ARC',  'VJI');
	insert into 3nf_Flights (Airline, FlightNo, SourceAirport, DestAirport) values ( 9 , 271,  'VJI',  'ARC');
	insert into 3nf_Flights (Airline, FlightNo, SourceAirport, DestAirport) values ( 9 , 278,  'AHH',  'AST');
	insert into 3nf_Flights (Airline, FlightNo, SourceAirport, DestAirport) values ( 9 , 279,  'AST',  'AHH');
	insert into 3nf_Flights (Airline, FlightNo, SourceAirport, DestAirport) values ( 9 , 312,  'AXG',  'ALN');
	insert into 3nf_Flights (Airline, FlightNo, SourceAirport, DestAirport) values ( 9 , 313,  'ALN',  'AXG');
	insert into 3nf_Flights (Airline, FlightNo, SourceAirport, DestAirport) values ( 9 , 342,  'ALB',  'ANC');
	insert into 3nf_Flights (Airline, FlightNo, SourceAirport, DestAirport) values ( 9 , 343,  'ANC',  'ALB');
	insert into 3nf_Flights (Airline, FlightNo, SourceAirport, DestAirport) values ( 9 , 384,  'ANV',  'ANQ');
	insert into 3nf_Flights (Airline, FlightNo, SourceAirport, DestAirport) values ( 9 , 385,  'ANQ',  'ANV');
	insert into 3nf_Flights (Airline, FlightNo, SourceAirport, DestAirport) values ( 9 , 390,  'DYS',  'AIV');
	insert into 3nf_Flights (Airline, FlightNo, SourceAirport, DestAirport) values ( 9 , 391,  'AIV',  'DYS');
	insert into 3nf_Flights (Airline, FlightNo, SourceAirport, DestAirport) values ( 9 , 422,  'AIA',  'VJI');
	insert into 3nf_Flights (Airline, FlightNo, SourceAirport, DestAirport) values ( 9 , 423,  'VJI',  'AIA');
	insert into 3nf_Flights (Airline, FlightNo, SourceAirport, DestAirport) values ( 9 , 468,  'HMN',  'AHD');
	insert into 3nf_Flights (Airline, FlightNo, SourceAirport, DestAirport) values ( 9 , 469,  'AHD',  'HMN');
	insert into 3nf_Flights (Airline, FlightNo, SourceAirport, DestAirport) values ( 9 , 486,  'AET',  'AMA');
	insert into 3nf_Flights (Airline, FlightNo, SourceAirport, DestAirport) values ( 9 , 487,  'AMA',  'AET');
	insert into 3nf_Flights (Airline, FlightNo, SourceAirport, DestAirport) values ( 9 , 536,  'CAK',  'AMA');
	insert into 3nf_Flights (Airline, FlightNo, SourceAirport, DestAirport) values ( 9 , 537,  'AMA',  'CAK');
	insert into 3nf_Flights (Airline, FlightNo, SourceAirport, DestAirport) values ( 9 , 580,  'ADM',  'ANI');
	insert into 3nf_Flights (Airline, FlightNo, SourceAirport, DestAirport) values ( 9 , 581,  'ANI',  'ADM');
	insert into 3nf_Flights (Airline, FlightNo, SourceAirport, DestAirport) values ( 9 , 616,  'HMN',  'AND');
	insert into 3nf_Flights (Airline, FlightNo, SourceAirport, DestAirport) values ( 9 , 617,  'AND',  'HMN');
	insert into 3nf_Flights (Airline, FlightNo, SourceAirport, DestAirport) values ( 9 , 622,  'AED',  'KKI');
	insert into 3nf_Flights (Airline, FlightNo, SourceAirport, DestAirport) values ( 9 , 623,  'KKI',  'AED');
	insert into 3nf_Flights (Airline, FlightNo, SourceAirport, DestAirport) values ( 9 , 628,  'ANI',  'ADT');
	insert into 3nf_Flights (Airline, FlightNo, SourceAirport, DestAirport) values ( 9 , 629,  'ADT',  'ANI');
	insert into 3nf_Flights (Airline, FlightNo, SourceAirport, DestAirport) values ( 9 , 634,  'AKI',  'ATW');
	insert into 3nf_Flights (Airline, FlightNo, SourceAirport, DestAirport) values ( 9 , 635,  'ATW',  'AKI');
	insert into 3nf_Flights (Airline, FlightNo, SourceAirport, DestAirport) values ( 9 , 646,  'ARX',  'AHF');
	insert into 3nf_Flights (Airline, FlightNo, SourceAirport, DestAirport) values ( 9 , 647,  'AHF',  'ARX');
	insert into 3nf_Flights (Airline, FlightNo, SourceAirport, DestAirport) values ( 9 , 654,  'ATS',  'DYS');
	insert into 3nf_Flights (Airline, FlightNo, SourceAirport, DestAirport) values ( 9 , 655,  'DYS',  'ATS');
	insert into 3nf_Flights (Airline, FlightNo, SourceAirport, DestAirport) values ( 9 , 680,  'ABY',  'AGN');
	insert into 3nf_Flights (Airline, FlightNo, SourceAirport, DestAirport) values ( 9 , 681,  'AGN',  'ABY');
	insert into 3nf_Flights (Airline, FlightNo, SourceAirport, DestAirport) values ( 9 , 692,  'AIK',  'CVO');
	insert into 3nf_Flights (Airline, FlightNo, SourceAirport, DestAirport) values ( 9 , 693,  'CVO',  'AIK');
	insert into 3nf_Flights (Airline, FlightNo, SourceAirport, DestAirport) values ( 9 , 722,  'ANP',  'ANB');
	insert into 3nf_Flights (Airline, FlightNo, SourceAirport, DestAirport) values ( 9 , 723,  'ANB',  'ANP');
	insert into 3nf_Flights (Airline, FlightNo, SourceAirport, DestAirport) values ( 9 , 746,  'WKK',  'ESF');
	insert into 3nf_Flights (Airline, FlightNo, SourceAirport, DestAirport) values ( 9 , 747,  'ESF',  'WKK');
	insert into 3nf_Flights (Airline, FlightNo, SourceAirport, DestAirport) values ( 9 , 748,  'ATS',  'RLI');
	insert into 3nf_Flights (Airline, FlightNo, SourceAirport, DestAirport) values ( 9 , 749,  'RLI',  'ATS');
	insert into 3nf_Flights (Airline, FlightNo, SourceAirport, DestAirport) values ( 9 , 780,  'JLH',  'ANV');
	insert into 3nf_Flights (Airline, FlightNo, SourceAirport, DestAirport) values ( 9 , 781,  'ANV',  'JLH');
	insert into 3nf_Flights (Airline, FlightNo, SourceAirport, DestAirport) values ( 9 , 828,  'ADG',  'HMN');
	insert into 3nf_Flights (Airline, FlightNo, SourceAirport, DestAirport) values ( 9 , 829,  'HMN',  'ADG');
	insert into 3nf_Flights (Airline, FlightNo, SourceAirport, DestAirport) values ( 9 , 876,  'ALM',  'AIV');
	insert into 3nf_Flights (Airline, FlightNo, SourceAirport, DestAirport) values ( 9 , 877,  'AIV',  'ALM');
	insert into 3nf_Flights (Airline, FlightNo, SourceAirport, DestAirport) values ( 9 , 882,  'ADT',  'ALZ');
	insert into 3nf_Flights (Airline, FlightNo, SourceAirport, DestAirport) values ( 9 , 883,  'ALZ',  'ADT');
	insert into 3nf_Flights (Airline, FlightNo, SourceAirport, DestAirport) values ( 9 , 892,  'WKK',  'ANV');
	insert into 3nf_Flights (Airline, FlightNo, SourceAirport, DestAirport) values ( 9 , 893,  'ANV',  'WKK');
	insert into 3nf_Flights (Airline, FlightNo, SourceAirport, DestAirport) values ( 9 , 894,  'AAF',  'AHT');
	insert into 3nf_Flights (Airline, FlightNo, SourceAirport, DestAirport) values ( 9 , 895,  'AHT',  'AAF');
	insert into 3nf_Flights (Airline, FlightNo, SourceAirport, DestAirport) values ( 9 , 942,  'ABI',  'MMI');
	insert into 3nf_Flights (Airline, FlightNo, SourceAirport, DestAirport) values ( 9 , 943,  'MMI',  'ABI');
	insert into 3nf_Flights (Airline, FlightNo, SourceAirport, DestAirport) values ( 9 , 968,  'CAK',  'ALN');
	insert into 3nf_Flights (Airline, FlightNo, SourceAirport, DestAirport) values ( 9 , 969,  'ALN',  'CAK');
	insert into 3nf_Flights (Airline, FlightNo, SourceAirport, DestAirport) values ( 9 , 1006,  'AET',  'ANV');
	insert into 3nf_Flights (Airline, FlightNo, SourceAirport, DestAirport) values ( 9 , 1007,  'ANV',  'AET');
	insert into 3nf_Flights (Airline, FlightNo, SourceAirport, DestAirport) values ( 9 , 1026,  'AEL',  'MRI');
	insert into 3nf_Flights (Airline, FlightNo, SourceAirport, DestAirport) values ( 9 , 1027,  'MRI',  'AEL');
	insert into 3nf_Flights (Airline, FlightNo, SourceAirport, DestAirport) values ( 9 , 1044,  'AQY',  'NGZ');
	insert into 3nf_Flights (Airline, FlightNo, SourceAirport, DestAirport) values ( 9 , 1045,  'NGZ',  'AQY');
	insert into 3nf_Flights (Airline, FlightNo, SourceAirport, DestAirport) values ( 9 , 1060,  'AST',  'ADK');
	insert into 3nf_Flights (Airline, FlightNo, SourceAirport, DestAirport) values ( 9 , 1061,  'ADK',  'AST');
	insert into 3nf_Flights (Airline, FlightNo, SourceAirport, DestAirport) values ( 9 , 1090,  'CVO',  'HMN');
	insert into 3nf_Flights (Airline, FlightNo, SourceAirport, DestAirport) values ( 9 , 1091,  'HMN',  'CVO');
	insert into 3nf_Flights (Airline, FlightNo, SourceAirport, DestAirport) values ( 9 , 1114,  'LTS',  'ABI');
	insert into 3nf_Flights (Airline, FlightNo, SourceAirport, DestAirport) values ( 9 , 1115,  'ABI',  'LTS');
	insert into 3nf_Flights (Airline, FlightNo, SourceAirport, DestAirport) values ( 9 , 1150,  'ASE',  'VJI');
	insert into 3nf_Flights (Airline, FlightNo, SourceAirport, DestAirport) values ( 9 , 1151,  'VJI',  'ASE');
	insert into 3nf_Flights (Airline, FlightNo, SourceAirport, DestAirport) values ( 9 , 1188,  'AHF',  'OTS');
	insert into 3nf_Flights (Airline, FlightNo, SourceAirport, DestAirport) values ( 9 , 1189,  'OTS',  'AHF');
	insert into 3nf_Flights (Airline, FlightNo, SourceAirport, DestAirport) values ( 9 , 1228,  'ALN',  'ALZ');
	insert into 3nf_Flights (Airline, FlightNo, SourceAirport, DestAirport) values ( 9 , 1229,  'ALZ',  'ALN');
	insert into 3nf_Flights (Airline, FlightNo, SourceAirport, DestAirport) values ( 9 , 1260,  'AEX',  'ARC');
	insert into 3nf_Flights (Airline, FlightNo, SourceAirport, DestAirport) values ( 9 , 1261,  'ARC',  'AEX');
	insert into 3nf_Flights (Airline, FlightNo, SourceAirport, DestAirport) values ( 9 , 1286,  'ALE',  'JLH');
	insert into 3nf_Flights (Airline, FlightNo, SourceAirport, DestAirport) values ( 9 , 1287,  'JLH',  'ALE');
	insert into 3nf_Flights (Airline, FlightNo, SourceAirport, DestAirport) values ( 10 , 6,  'TDW',  'AXN');
	insert into 3nf_Flights (Airline, FlightNo, SourceAirport, DestAirport) values ( 10 , 7,  'AXN',  'TDW');
	insert into 3nf_Flights (Airline, FlightNo, SourceAirport, DestAirport) values ( 10 , 54,  'KQA',  'AHF');
	insert into 3nf_Flights (Airline, FlightNo, SourceAirport, DestAirport) values ( 10 , 55,  'AHF',  'KQA');
	insert into 3nf_Flights (Airline, FlightNo, SourceAirport, DestAirport) values ( 10 , 66,  'DYS',  'ADT');
	insert into 3nf_Flights (Airline, FlightNo, SourceAirport, DestAirport) values ( 10 , 67,  'ADT',  'DYS');
	insert into 3nf_Flights (Airline, FlightNo, SourceAirport, DestAirport) values ( 10 , 98,  'MRI',  'ANA');
	insert into 3nf_Flights (Airline, FlightNo, SourceAirport, DestAirport) values ( 10 , 99,  'ANA',  'MRI');
	insert into 3nf_Flights (Airline, FlightNo, SourceAirport, DestAirport) values ( 10 , 144,  'AXN',  'RFK');
	insert into 3nf_Flights (Airline, FlightNo, SourceAirport, DestAirport) values ( 10 , 145,  'RFK',  'AXN');
	insert into 3nf_Flights (Airline, FlightNo, SourceAirport, DestAirport) values ( 10 , 174,  'AED',  'AMA');
	insert into 3nf_Flights (Airline, FlightNo, SourceAirport, DestAirport) values ( 10 , 175,  'AMA',  'AED');
	insert into 3nf_Flights (Airline, FlightNo, SourceAirport, DestAirport) values ( 10 , 218,  'AKO',  'ANN');
	insert into 3nf_Flights (Airline, FlightNo, SourceAirport, DestAirport) values ( 10 , 219,  'ANN',  'AKO');
	insert into 3nf_Flights (Airline, FlightNo, SourceAirport, DestAirport) values ( 10 , 224,  'ANI',  'AIV');
	insert into 3nf_Flights (Airline, FlightNo, SourceAirport, DestAirport) values ( 10 , 225,  'AIV',  'ANI');
	insert into 3nf_Flights (Airline, FlightNo, SourceAirport, DestAirport) values ( 10 , 264,  'AIA',  'ABI');
	insert into 3nf_Flights (Airline, FlightNo, SourceAirport, DestAirport) values ( 10 , 265,  'ABI',  'AIA');
	insert into 3nf_Flights (Airline, FlightNo, SourceAirport, DestAirport) values ( 10 , 310,  'QAW',  'ANP');
	insert into 3nf_Flights (Airline, FlightNo, SourceAirport, DestAirport) values ( 10 , 311,  'ANP',  'QAW');
	insert into 3nf_Flights (Airline, FlightNo, SourceAirport, DestAirport) values ( 10 , 336,  'ARC',  'ADR');
	insert into 3nf_Flights (Airline, FlightNo, SourceAirport, DestAirport) values ( 10 , 337,  'ADR',  'ARC');
	insert into 3nf_Flights (Airline, FlightNo, SourceAirport, DestAirport) values ( 10 , 352,  'AYZ',  'QAW');
	insert into 3nf_Flights (Airline, FlightNo, SourceAirport, DestAirport) values ( 10 , 353,  'QAW',  'AYZ');
	insert into 3nf_Flights (Airline, FlightNo, SourceAirport, DestAirport) values ( 10 , 382,  'APG',  'ALE');
	insert into 3nf_Flights (Airline, FlightNo, SourceAirport, DestAirport) values ( 10 , 383,  'ALE',  'APG');
	insert into 3nf_Flights (Airline, FlightNo, SourceAirport, DestAirport) values ( 10 , 408,  'ANQ',  'AUK');
	insert into 3nf_Flights (Airline, FlightNo, SourceAirport, DestAirport) values ( 10 , 409,  'AUK',  'ANQ');
	insert into 3nf_Flights (Airline, FlightNo, SourceAirport, DestAirport) values ( 10 , 430,  'ADR',  'CAK');
	insert into 3nf_Flights (Airline, FlightNo, SourceAirport, DestAirport) values ( 10 , 431,  'CAK',  'ADR');
	insert into 3nf_Flights (Airline, FlightNo, SourceAirport, DestAirport) values ( 10 , 468,  'AAF',  'APV');
	insert into 3nf_Flights (Airline, FlightNo, SourceAirport, DestAirport) values ( 10 , 469,  'APV',  'AAF');
	insert into 3nf_Flights (Airline, FlightNo, SourceAirport, DestAirport) values ( 10 , 512,  'CVO',  'ESF');
	insert into 3nf_Flights (Airline, FlightNo, SourceAirport, DestAirport) values ( 10 , 513,  'ESF',  'CVO');
	insert into 3nf_Flights (Airline, FlightNo, SourceAirport, DestAirport) values ( 10 , 562,  'ANW',  'ATE');
	insert into 3nf_Flights (Airline, FlightNo, SourceAirport, DestAirport) values ( 10 , 563,  'ATE',  'ANW');
	insert into 3nf_Flights (Airline, FlightNo, SourceAirport, DestAirport) values ( 10 , 600,  'ABQ',  'AKI');
	insert into 3nf_Flights (Airline, FlightNo, SourceAirport, DestAirport) values ( 10 , 601,  'AKI',  'ABQ');
	insert into 3nf_Flights (Airline, FlightNo, SourceAirport, DestAirport) values ( 10 , 602,  'AKK',  'ADK');
	insert into 3nf_Flights (Airline, FlightNo, SourceAirport, DestAirport) values ( 10 , 603,  'ADK',  'AKK');
	insert into 3nf_Flights (Airline, FlightNo, SourceAirport, DestAirport) values ( 10 , 646,  'ARB',  'ASE');
	insert into 3nf_Flights (Airline, FlightNo, SourceAirport, DestAirport) values ( 10 , 647,  'ASE',  'ARB');
	insert into 3nf_Flights (Airline, FlightNo, SourceAirport, DestAirport) values ( 10 , 650,  'ANQ',  'AEX');
	insert into 3nf_Flights (Airline, FlightNo, SourceAirport, DestAirport) values ( 10 , 651,  'AEX',  'ANQ');
	insert into 3nf_Flights (Airline, FlightNo, SourceAirport, DestAirport) values ( 10 , 700,  'ANC',  'AKI');
	insert into 3nf_Flights (Airline, FlightNo, SourceAirport, DestAirport) values ( 10 , 701,  'AKI',  'ANC');
	insert into 3nf_Flights (Airline, FlightNo, SourceAirport, DestAirport) values ( 10 , 736,  'QAW',  'AMN');
	insert into 3nf_Flights (Airline, FlightNo, SourceAirport, DestAirport) values ( 10 , 737,  'AMN',  'QAW');
	insert into 3nf_Flights (Airline, FlightNo, SourceAirport, DestAirport) values ( 10 , 784,  'NGZ',  'NAB');
	insert into 3nf_Flights (Airline, FlightNo, SourceAirport, DestAirport) values ( 10 , 785,  'NAB',  'NGZ');
	insert into 3nf_Flights (Airline, FlightNo, SourceAirport, DestAirport) values ( 10 , 820,  'AHN',  'ACV');
	insert into 3nf_Flights (Airline, FlightNo, SourceAirport, DestAirport) values ( 10 , 821,  'ACV',  'AHN');
	insert into 3nf_Flights (Airline, FlightNo, SourceAirport, DestAirport) values ( 10 , 826,  'AHH',  'ARB');
	insert into 3nf_Flights (Airline, FlightNo, SourceAirport, DestAirport) values ( 10 , 827,  'ARB',  'AHH');
	insert into 3nf_Flights (Airline, FlightNo, SourceAirport, DestAirport) values ( 10 , 858,  'VJI',  'ALB');
	insert into 3nf_Flights (Airline, FlightNo, SourceAirport, DestAirport) values ( 10 , 859,  'ALB',  'VJI');
	insert into 3nf_Flights (Airline, FlightNo, SourceAirport, DestAirport) values ( 10 , 890,  'AYZ',  'AXG');
	insert into 3nf_Flights (Airline, FlightNo, SourceAirport, DestAirport) values ( 10 , 891,  'AXG',  'AYZ');
	insert into 3nf_Flights (Airline, FlightNo, SourceAirport, DestAirport) values ( 10 , 928,  'ANB',  'AHD');
	insert into 3nf_Flights (Airline, FlightNo, SourceAirport, DestAirport) values ( 10 , 929,  'AHD',  'ANB');
	insert into 3nf_Flights (Airline, FlightNo, SourceAirport, DestAirport) values ( 10 , 934,  'ABI',  'AKP');
	insert into 3nf_Flights (Airline, FlightNo, SourceAirport, DestAirport) values ( 10 , 935,  'AKP',  'ABI');
	insert into 3nf_Flights (Airline, FlightNo, SourceAirport, DestAirport) values ( 10 , 982,  'ANP',  'ATE');
	insert into 3nf_Flights (Airline, FlightNo, SourceAirport, DestAirport) values ( 10 , 983,  'ATE',  'ANP');
	insert into 3nf_Flights (Airline, FlightNo, SourceAirport, DestAirport) values ( 10 , 1000,  'AHN',  'ANN');
	insert into 3nf_Flights (Airline, FlightNo, SourceAirport, DestAirport) values ( 10 , 1001,  'ANN',  'AHN');
	insert into 3nf_Flights (Airline, FlightNo, SourceAirport, DestAirport) values ( 10 , 1040,  'AIB',  'MRI');
	insert into 3nf_Flights (Airline, FlightNo, SourceAirport, DestAirport) values ( 10 , 1041,  'MRI',  'AIB');
	insert into 3nf_Flights (Airline, FlightNo, SourceAirport, DestAirport) values ( 10 , 1070,  'ANN',  'ARC');
	insert into 3nf_Flights (Airline, FlightNo, SourceAirport, DestAirport) values ( 10 , 1071,  'ARC',  'ANN');
	insert into 3nf_Flights (Airline, FlightNo, SourceAirport, DestAirport) values ( 10 , 1116,  'ANI',  'AFO');
	insert into 3nf_Flights (Airline, FlightNo, SourceAirport, DestAirport) values ( 10 , 1117,  'AFO',  'ANI');
	insert into 3nf_Flights (Airline, FlightNo, SourceAirport, DestAirport) values ( 10 , 1128,  'ABI',  'AMN');
	insert into 3nf_Flights (Airline, FlightNo, SourceAirport, DestAirport) values ( 10 , 1129,  'AMN',  'ABI');
	insert into 3nf_Flights (Airline, FlightNo, SourceAirport, DestAirport) values ( 10 , 1136,  'ABL',  'ABI');
	insert into 3nf_Flights (Airline, FlightNo, SourceAirport, DestAirport) values ( 10 , 1137,  'ABI',  'ABL');
	insert into 3nf_Flights (Airline, FlightNo, SourceAirport, DestAirport) values ( 10 , 1144,  'AKK',  'CAK');
	insert into 3nf_Flights (Airline, FlightNo, SourceAirport, DestAirport) values ( 10 , 1145,  'CAK',  'AKK');
	insert into 3nf_Flights (Airline, FlightNo, SourceAirport, DestAirport) values ( 10 , 1172,  'APG',  'AKC');
	insert into 3nf_Flights (Airline, FlightNo, SourceAirport, DestAirport) values ( 10 , 1173,  'AKC',  'APG');
	insert into 3nf_Flights (Airline, FlightNo, SourceAirport, DestAirport) values ( 10 , 1182,  'ATW',  'ALZ');
	insert into 3nf_Flights (Airline, FlightNo, SourceAirport, DestAirport) values ( 10 , 1183,  'ALZ',  'ATW');
	insert into 3nf_Flights (Airline, FlightNo, SourceAirport, DestAirport) values ( 10 , 1210,  'ANY',  'ALB');
	insert into 3nf_Flights (Airline, FlightNo, SourceAirport, DestAirport) values ( 10 , 1211,  'ALB',  'ANY');
	insert into 3nf_Flights (Airline, FlightNo, SourceAirport, DestAirport) values ( 10 , 1256,  'AED',  'ADM');
	insert into 3nf_Flights (Airline, FlightNo, SourceAirport, DestAirport) values ( 10 , 1257,  'ADM',  'AED');
	insert into 3nf_Flights (Airline, FlightNo, SourceAirport, DestAirport) values ( 10 , 1298,  'ATS',  'ALS');
	insert into 3nf_Flights (Airline, FlightNo, SourceAirport, DestAirport) values ( 10 , 1299,  'ALS',  'ATS');
	insert into 3nf_Flights (Airline, FlightNo, SourceAirport, DestAirport) values ( 10 , 1314,  'AIV',  'AHF');
	insert into 3nf_Flights (Airline, FlightNo, SourceAirport, DestAirport) values ( 10 , 1315,  'AHF',  'AIV');
	insert into 3nf_Flights (Airline, FlightNo, SourceAirport, DestAirport) values ( 10 , 1330,  'ALM',  'NGZ');
	insert into 3nf_Flights (Airline, FlightNo, SourceAirport, DestAirport) values ( 10 , 1331,  'NGZ',  'ALM');
	insert into 3nf_Flights (Airline, FlightNo, SourceAirport, DestAirport) values ( 10 , 1356,  'AMA',  'ATW');
	insert into 3nf_Flights (Airline, FlightNo, SourceAirport, DestAirport) values ( 10 , 1357,  'ATW',  'AMA');
	insert into 3nf_Flights (Airline, FlightNo, SourceAirport, DestAirport) values ( 10 , 1390,  'ADG',  'ABL');
	insert into 3nf_Flights (Airline, FlightNo, SourceAirport, DestAirport) values ( 10 , 1391,  'ABL',  'ADG');
	insert into 3nf_Flights (Airline, FlightNo, SourceAirport, DestAirport) values ( 10 , 1426,  'JLH',  'ABL');
	insert into 3nf_Flights (Airline, FlightNo, SourceAirport, DestAirport) values ( 10 , 1427,  'ABL',  'JLH');
	insert into 3nf_Flights (Airline, FlightNo, SourceAirport, DestAirport) values ( 10 , 1476,  'AIV',  'ALE');
	insert into 3nf_Flights (Airline, FlightNo, SourceAirport, DestAirport) values ( 10 , 1477,  'ALE',  'AIV');
	insert into 3nf_Flights (Airline, FlightNo, SourceAirport, DestAirport) values ( 11 , 14,  'AGN',  'ANP');
	insert into 3nf_Flights (Airline, FlightNo, SourceAirport, DestAirport) values ( 11 , 15,  'ANP',  'AGN');
	insert into 3nf_Flights (Airline, FlightNo, SourceAirport, DestAirport) values ( 11 , 58,  'AKK',  'TDW');
	insert into 3nf_Flights (Airline, FlightNo, SourceAirport, DestAirport) values ( 11 , 59,  'TDW',  'AKK');
	insert into 3nf_Flights (Airline, FlightNo, SourceAirport, DestAirport) values ( 11 , 80,  'AET',  'AXB');
	insert into 3nf_Flights (Airline, FlightNo, SourceAirport, DestAirport) values ( 11 , 81,  'AXB',  'AET');
	insert into 3nf_Flights (Airline, FlightNo, SourceAirport, DestAirport) values ( 11 , 88,  'ANY',  'AQY');
	insert into 3nf_Flights (Airline, FlightNo, SourceAirport, DestAirport) values ( 11 , 89,  'AQY',  'ANY');
	insert into 3nf_Flights (Airline, FlightNo, SourceAirport, DestAirport) values ( 11 , 110,  'AXS',  'AMW');
	insert into 3nf_Flights (Airline, FlightNo, SourceAirport, DestAirport) values ( 11 , 111,  'AMW',  'AXS');
	insert into 3nf_Flights (Airline, FlightNo, SourceAirport, DestAirport) values ( 11 , 134,  'NDV',  'ADG');
	insert into 3nf_Flights (Airline, FlightNo, SourceAirport, DestAirport) values ( 11 , 135,  'ADG',  'NDV');
	insert into 3nf_Flights (Airline, FlightNo, SourceAirport, DestAirport) values ( 11 , 142,  'AXS',  'APG');
	insert into 3nf_Flights (Airline, FlightNo, SourceAirport, DestAirport) values ( 11 , 143,  'APG',  'AXS');
	insert into 3nf_Flights (Airline, FlightNo, SourceAirport, DestAirport) values ( 11 , 158,  'AHT',  'ANV');
	insert into 3nf_Flights (Airline, FlightNo, SourceAirport, DestAirport) values ( 11 , 159,  'ANV',  'AHT');
	insert into 3nf_Flights (Airline, FlightNo, SourceAirport, DestAirport) values ( 11 , 200,  'ANC',  'AIK');
	insert into 3nf_Flights (Airline, FlightNo, SourceAirport, DestAirport) values ( 11 , 201,  'AIK',  'ANC');
	insert into 3nf_Flights (Airline, FlightNo, SourceAirport, DestAirport) values ( 11 , 204,  'AIK',  'AXN');
	insert into 3nf_Flights (Airline, FlightNo, SourceAirport, DestAirport) values ( 11 , 205,  'AXN',  'AIK');
	insert into 3nf_Flights (Airline, FlightNo, SourceAirport, DestAirport) values ( 11 , 240,  'ARC',  'AXG');
	insert into 3nf_Flights (Airline, FlightNo, SourceAirport, DestAirport) values ( 11 , 241,  'AXG',  'ARC');
	insert into 3nf_Flights (Airline, FlightNo, SourceAirport, DestAirport) values ( 11 , 284,  'ABQ',  'WKK');
	insert into 3nf_Flights (Airline, FlightNo, SourceAirport, DestAirport) values ( 11 , 285,  'WKK',  'ABQ');
	insert into 3nf_Flights (Airline, FlightNo, SourceAirport, DestAirport) values ( 11 , 296,  'AGN',  'AIV');
	insert into 3nf_Flights (Airline, FlightNo, SourceAirport, DestAirport) values ( 11 , 297,  'AIV',  'AGN');
	insert into 3nf_Flights (Airline, FlightNo, SourceAirport, DestAirport) values ( 11 , 302,  'ANY',  'TDW');
	insert into 3nf_Flights (Airline, FlightNo, SourceAirport, DestAirport) values ( 11 , 303,  'TDW',  'ANY');
	insert into 3nf_Flights (Airline, FlightNo, SourceAirport, DestAirport) values ( 11 , 330,  'AXG',  'LTS');
	insert into 3nf_Flights (Airline, FlightNo, SourceAirport, DestAirport) values ( 11 , 331,  'LTS',  'AXG');
	insert into 3nf_Flights (Airline, FlightNo, SourceAirport, DestAirport) values ( 11 , 378,  'RFK',  'ASY');
	insert into 3nf_Flights (Airline, FlightNo, SourceAirport, DestAirport) values ( 11 , 379,  'ASY',  'RFK');
	insert into 3nf_Flights (Airline, FlightNo, SourceAirport, DestAirport) values ( 11 , 400,  'ANA',  'AEL');
	insert into 3nf_Flights (Airline, FlightNo, SourceAirport, DestAirport) values ( 11 , 401,  'AEL',  'ANA');
	insert into 3nf_Flights (Airline, FlightNo, SourceAirport, DestAirport) values ( 11 , 436,  'ABQ',  'AND');
	insert into 3nf_Flights (Airline, FlightNo, SourceAirport, DestAirport) values ( 11 , 437,  'AND',  'ABQ');
	insert into 3nf_Flights (Airline, FlightNo, SourceAirport, DestAirport) values ( 11 , 470,  'CAK',  'AHT');
	insert into 3nf_Flights (Airline, FlightNo, SourceAirport, DestAirport) values ( 11 , 471,  'AHT',  'CAK');
	insert into 3nf_Flights (Airline, FlightNo, SourceAirport, DestAirport) values ( 11 , 504,  'AAF',  'AKO');
	insert into 3nf_Flights (Airline, FlightNo, SourceAirport, DestAirport) values ( 11 , 505,  'AKO',  'AAF');
	insert into 3nf_Flights (Airline, FlightNo, SourceAirport, DestAirport) values ( 11 , 512,  'ASY',  'ABR');
	insert into 3nf_Flights (Airline, FlightNo, SourceAirport, DestAirport) values ( 11 , 513,  'ABR',  'ASY');
	insert into 3nf_Flights (Airline, FlightNo, SourceAirport, DestAirport) values ( 11 , 524,  'ADK',  'ALM');
	insert into 3nf_Flights (Airline, FlightNo, SourceAirport, DestAirport) values ( 11 , 525,  'ALM',  'ADK');
	insert into 3nf_Flights (Airline, FlightNo, SourceAirport, DestAirport) values ( 11 , 566,  'LTS',  'AET');
	insert into 3nf_Flights (Airline, FlightNo, SourceAirport, DestAirport) values ( 11 , 567,  'AET',  'LTS');
	insert into 3nf_Flights (Airline, FlightNo, SourceAirport, DestAirport) values ( 11 , 570,  'ANA',  'RLI');
	insert into 3nf_Flights (Airline, FlightNo, SourceAirport, DestAirport) values ( 11 , 571,  'RLI',  'ANA');
	insert into 3nf_Flights (Airline, FlightNo, SourceAirport, DestAirport) values ( 11 , 574,  'ADK',  'LTS');
	insert into 3nf_Flights (Airline, FlightNo, SourceAirport, DestAirport) values ( 11 , 575,  'LTS',  'ADK');
	insert into 3nf_Flights (Airline, FlightNo, SourceAirport, DestAirport) values ( 11 , 590,  'ANY',  'AAF');
	insert into 3nf_Flights (Airline, FlightNo, SourceAirport, DestAirport) values ( 11 , 591,  'AAF',  'ANY');
	insert into 3nf_Flights (Airline, FlightNo, SourceAirport, DestAirport) values ( 11 , 594,  'ANN',  'ANY');
	insert into 3nf_Flights (Airline, FlightNo, SourceAirport, DestAirport) values ( 11 , 595,  'ANY',  'ANN');
	insert into 3nf_Flights (Airline, FlightNo, SourceAirport, DestAirport) values ( 11 , 636,  'ALX',  'RLI');
	insert into 3nf_Flights (Airline, FlightNo, SourceAirport, DestAirport) values ( 11 , 637,  'RLI',  'ALX');
	insert into 3nf_Flights (Airline, FlightNo, SourceAirport, DestAirport) values ( 11 , 640,  'AND',  'AIA');
	insert into 3nf_Flights (Airline, FlightNo, SourceAirport, DestAirport) values ( 11 , 641,  'AIA',  'AND');
	insert into 3nf_Flights (Airline, FlightNo, SourceAirport, DestAirport) values ( 11 , 666,  'AYZ',  'ANC');
	insert into 3nf_Flights (Airline, FlightNo, SourceAirport, DestAirport) values ( 11 , 667,  'ANC',  'AYZ');
	insert into 3nf_Flights (Airline, FlightNo, SourceAirport, DestAirport) values ( 11 , 704,  'ADR',  'AKI');
	insert into 3nf_Flights (Airline, FlightNo, SourceAirport, DestAirport) values ( 11 , 705,  'AKI',  'ADR');
	insert into 3nf_Flights (Airline, FlightNo, SourceAirport, DestAirport) values ( 11 , 730,  'AUK',  'ALS');
	insert into 3nf_Flights (Airline, FlightNo, SourceAirport, DestAirport) values ( 11 , 731,  'ALS',  'AUK');
	insert into 3nf_Flights (Airline, FlightNo, SourceAirport, DestAirport) values ( 11 , 740,  'AXG',  'OTS');
	insert into 3nf_Flights (Airline, FlightNo, SourceAirport, DestAirport) values ( 11 , 741,  'OTS',  'AXG');
	insert into 3nf_Flights (Airline, FlightNo, SourceAirport, DestAirport) values ( 11 , 772,  'JLH',  'ADM');
	insert into 3nf_Flights (Airline, FlightNo, SourceAirport, DestAirport) values ( 11 , 773,  'ADM',  'JLH');
	insert into 3nf_Flights (Airline, FlightNo, SourceAirport, DestAirport) values ( 11 , 774,  'ALN',  'AKP');
	insert into 3nf_Flights (Airline, FlightNo, SourceAirport, DestAirport) values ( 11 , 775,  'AKP',  'ALN');
	insert into 3nf_Flights (Airline, FlightNo, SourceAirport, DestAirport) values ( 11 , 824,  'ABI',  'ANW');
	insert into 3nf_Flights (Airline, FlightNo, SourceAirport, DestAirport) values ( 11 , 825,  'ANW',  'ABI');
	insert into 3nf_Flights (Airline, FlightNo, SourceAirport, DestAirport) values ( 11 , 834,  'ATS',  'AXN');
	insert into 3nf_Flights (Airline, FlightNo, SourceAirport, DestAirport) values ( 11 , 835,  'AXN',  'ATS');
	insert into 3nf_Flights (Airline, FlightNo, SourceAirport, DestAirport) values ( 11 , 842,  'ABR',  'AXN');
	insert into 3nf_Flights (Airline, FlightNo, SourceAirport, DestAirport) values ( 11 , 843,  'AXN',  'ABR');
	insert into 3nf_Flights (Airline, FlightNo, SourceAirport, DestAirport) values ( 11 , 876,  'KQA',  'AXX');
	insert into 3nf_Flights (Airline, FlightNo, SourceAirport, DestAirport) values ( 11 , 877,  'AXX',  'KQA');
	insert into 3nf_Flights (Airline, FlightNo, SourceAirport, DestAirport) values ( 11 , 904,  'AKO',  'DYS');
	insert into 3nf_Flights (Airline, FlightNo, SourceAirport, DestAirport) values ( 11 , 905,  'DYS',  'AKO');
	insert into 3nf_Flights (Airline, FlightNo, SourceAirport, DestAirport) values ( 11 , 908,  'ANQ',  'ATO');
	insert into 3nf_Flights (Airline, FlightNo, SourceAirport, DestAirport) values ( 11 , 909,  'ATO',  'ANQ');
	insert into 3nf_Flights (Airline, FlightNo, SourceAirport, DestAirport) values ( 11 , 954,  'AHH',  'AQY');
	insert into 3nf_Flights (Airline, FlightNo, SourceAirport, DestAirport) values ( 11 , 955,  'AQY',  'AHH');
	insert into 3nf_Flights (Airline, FlightNo, SourceAirport, DestAirport) values ( 11 , 986,  'MMI',  'AIB');
	insert into 3nf_Flights (Airline, FlightNo, SourceAirport, DestAirport) values ( 11 , 987,  'AIB',  'MMI');
	insert into 3nf_Flights (Airline, FlightNo, SourceAirport, DestAirport) values ( 11 , 1012,  'ABI',  'ALZ');
	insert into 3nf_Flights (Airline, FlightNo, SourceAirport, DestAirport) values ( 11 , 1013,  'ALZ',  'ABI');
	insert into 3nf_Flights (Airline, FlightNo, SourceAirport, DestAirport) values ( 11 , 1022,  'CVO',  'NDV');
	insert into 3nf_Flights (Airline, FlightNo, SourceAirport, DestAirport) values ( 11 , 1023,  'NDV',  'CVO');
	insert into 3nf_Flights (Airline, FlightNo, SourceAirport, DestAirport) values ( 11 , 1060,  'WKK',  'NAB');
	insert into 3nf_Flights (Airline, FlightNo, SourceAirport, DestAirport) values ( 11 , 1061,  'NAB',  'WKK');
	insert into 3nf_Flights (Airline, FlightNo, SourceAirport, DestAirport) values ( 11 , 1078,  'ALZ',  'ADG');
	insert into 3nf_Flights (Airline, FlightNo, SourceAirport, DestAirport) values ( 11 , 1079,  'ADG',  'ALZ');
	insert into 3nf_Flights (Airline, FlightNo, SourceAirport, DestAirport) values ( 11 , 1112,  'ARB',  'CVO');
	insert into 3nf_Flights (Airline, FlightNo, SourceAirport, DestAirport) values ( 11 , 1113,  'CVO',  'ARB');
	insert into 3nf_Flights (Airline, FlightNo, SourceAirport, DestAirport) values ( 11 , 1136,  'AEX',  'AHF');
	insert into 3nf_Flights (Airline, FlightNo, SourceAirport, DestAirport) values ( 11 , 1137,  'AHF',  'AEX');
	insert into 3nf_Flights (Airline, FlightNo, SourceAirport, DestAirport) values ( 11 , 1178,  'KQA',  'AFO');
	insert into 3nf_Flights (Airline, FlightNo, SourceAirport, DestAirport) values ( 11 , 1179,  'AFO',  'KQA');
	insert into 3nf_Flights (Airline, FlightNo, SourceAirport, DestAirport) values ( 12 , 42,  'AID',  'ADK');
	insert into 3nf_Flights (Airline, FlightNo, SourceAirport, DestAirport) values ( 12 , 43,  'ADK',  'AID');
	insert into 3nf_Flights (Airline, FlightNo, SourceAirport, DestAirport) values ( 12 , 80,  'AKK',  'APV');
	insert into 3nf_Flights (Airline, FlightNo, SourceAirport, DestAirport) values ( 12 , 81,  'APV',  'AKK');
	insert into 3nf_Flights (Airline, FlightNo, SourceAirport, DestAirport) values ( 12 , 120,  'ASY',  'ADK');
	insert into 3nf_Flights (Airline, FlightNo, SourceAirport, DestAirport) values ( 12 , 121,  'ADK',  'ASY');
	insert into 3nf_Flights (Airline, FlightNo, SourceAirport, DestAirport) values ( 12 , 156,  'ABY',  'ESF');
	insert into 3nf_Flights (Airline, FlightNo, SourceAirport, DestAirport) values ( 12 , 157,  'ESF',  'ABY');
	insert into 3nf_Flights (Airline, FlightNo, SourceAirport, DestAirport) values ( 12 , 206,  'ARB',  'AIV');
	insert into 3nf_Flights (Airline, FlightNo, SourceAirport, DestAirport) values ( 12 , 207,  'AIV',  'ARB');
	insert into 3nf_Flights (Airline, FlightNo, SourceAirport, DestAirport) values ( 12 , 208,  'AHN',  'AHD');
	insert into 3nf_Flights (Airline, FlightNo, SourceAirport, DestAirport) values ( 12 , 209,  'AHD',  'AHN');
	insert into 3nf_Flights (Airline, FlightNo, SourceAirport, DestAirport) values ( 12 , 234,  'EDF',  'AKK');
	insert into 3nf_Flights (Airline, FlightNo, SourceAirport, DestAirport) values ( 12 , 235,  'AKK',  'EDF');
	insert into 3nf_Flights (Airline, FlightNo, SourceAirport, DestAirport) values ( 12 , 264,  'AMW',  'AKI');
	insert into 3nf_Flights (Airline, FlightNo, SourceAirport, DestAirport) values ( 12 , 265,  'AKI',  'AMW');
	insert into 3nf_Flights (Airline, FlightNo, SourceAirport, DestAirport) values ( 12 , 284,  'ADM',  'RLI');
	insert into 3nf_Flights (Airline, FlightNo, SourceAirport, DestAirport) values ( 12 , 285,  'RLI',  'ADM');
	insert into 3nf_Flights (Airline, FlightNo, SourceAirport, DestAirport) values ( 12 , 312,  'TDW',  'ANC');
	insert into 3nf_Flights (Airline, FlightNo, SourceAirport, DestAirport) values ( 12 , 313,  'ANC',  'TDW');
	insert into 3nf_Flights (Airline, FlightNo, SourceAirport, DestAirport) values ( 12 , 326,  'ATO',  'AOS');
	insert into 3nf_Flights (Airline, FlightNo, SourceAirport, DestAirport) values ( 12 , 327,  'AOS',  'ATO');
	insert into 3nf_Flights (Airline, FlightNo, SourceAirport, DestAirport) values ( 12 , 368,  'LTS',  'ANB');
	insert into 3nf_Flights (Airline, FlightNo, SourceAirport, DestAirport) values ( 12 , 369,  'ANB',  'LTS');
	insert into 3nf_Flights (Airline, FlightNo, SourceAirport, DestAirport) values ( 12 , 402,  'ATW',  'ANP');
	insert into 3nf_Flights (Airline, FlightNo, SourceAirport, DestAirport) values ( 12 , 403,  'ANP',  'ATW');
	insert into 3nf_Flights (Airline, FlightNo, SourceAirport, DestAirport) values ( 12 , 424,  'RLI',  'ABY');
	insert into 3nf_Flights (Airline, FlightNo, SourceAirport, DestAirport) values ( 12 , 425,  'ABY',  'RLI');
	insert into 3nf_Flights (Airline, FlightNo, SourceAirport, DestAirport) values ( 12 , 450,  'ALB',  'HMN');
	insert into 3nf_Flights (Airline, FlightNo, SourceAirport, DestAirport) values ( 12 , 451,  'HMN',  'ALB');
	insert into 3nf_Flights (Airline, FlightNo, SourceAirport, DestAirport) values ( 12 , 490,  'AIA',  'NAB');
	insert into 3nf_Flights (Airline, FlightNo, SourceAirport, DestAirport) values ( 12 , 491,  'NAB',  'AIA');
	insert into 3nf_Flights (Airline, FlightNo, SourceAirport, DestAirport) values ( 12 , 540,  'AHT',  'AMW');
	insert into 3nf_Flights (Airline, FlightNo, SourceAirport, DestAirport) values ( 12 , 541,  'AMW',  'AHT');
	insert into 3nf_Flights (Airline, FlightNo, SourceAirport, DestAirport) values ( 12 , 584,  'ALZ',  'ASE');
	insert into 3nf_Flights (Airline, FlightNo, SourceAirport, DestAirport) values ( 12 , 585,  'ASE',  'ALZ');
	insert into 3nf_Flights (Airline, FlightNo, SourceAirport, DestAirport) values ( 12 , 614,  'QAW',  'ADT');
	insert into 3nf_Flights (Airline, FlightNo, SourceAirport, DestAirport) values ( 12 , 615,  'ADT',  'QAW');
	insert into 3nf_Flights (Airline, FlightNo, SourceAirport, DestAirport) values ( 12 , 650,  'CAK',  'AXN');
	insert into 3nf_Flights (Airline, FlightNo, SourceAirport, DestAirport) values ( 12 , 651,  'AXN',  'CAK');
	insert into 3nf_Flights (Airline, FlightNo, SourceAirport, DestAirport) values ( 12 , 690,  'AEX',  'ANI');
	insert into 3nf_Flights (Airline, FlightNo, SourceAirport, DestAirport) values ( 12 , 691,  'ANI',  'AEX');
	insert into 3nf_Flights (Airline, FlightNo, SourceAirport, DestAirport) values ( 12 , 728,  'ADM',  'KKI');
	insert into 3nf_Flights (Airline, FlightNo, SourceAirport, DestAirport) values ( 12 , 729,  'KKI',  'ADM');
	insert into 3nf_Flights (Airline, FlightNo, SourceAirport, DestAirport) values ( 12 , 748,  'AAF',  'ALS');
	insert into 3nf_Flights (Airline, FlightNo, SourceAirport, DestAirport) values ( 12 , 749,  'ALS',  'AAF');
	insert into 3nf_Flights (Airline, FlightNo, SourceAirport, DestAirport) values ( 12 , 766,  'RLI',  'AND');
	insert into 3nf_Flights (Airline, FlightNo, SourceAirport, DestAirport) values ( 12 , 767,  'AND',  'RLI');
	insert into 3nf_Flights (Airline, FlightNo, SourceAirport, DestAirport) values ( 12 , 778,  'ABY',  'AQY');
	insert into 3nf_Flights (Airline, FlightNo, SourceAirport, DestAirport) values ( 12 , 779,  'AQY',  'ABY');
	insert into 3nf_Flights (Airline, FlightNo, SourceAirport, DestAirport) values ( 12 , 820,  'ALN',  'ANW');
	insert into 3nf_Flights (Airline, FlightNo, SourceAirport, DestAirport) values ( 12 , 821,  'ANW',  'ALN');
	insert into 3nf_Flights (Airline, FlightNo, SourceAirport, DestAirport) values ( 12 , 834,  'ABI',  'AIV');
	insert into 3nf_Flights (Airline, FlightNo, SourceAirport, DestAirport) values ( 12 , 835,  'AIV',  'ABI');
	insert into 3nf_Flights (Airline, FlightNo, SourceAirport, DestAirport) values ( 12 , 850,  'ARC',  'AET');
	insert into 3nf_Flights (Airline, FlightNo, SourceAirport, DestAirport) values ( 12 , 851,  'AET',  'ARC');
	insert into 3nf_Flights (Airline, FlightNo, SourceAirport, DestAirport) values ( 12 , 890,  'ATO',  'ALS');
	insert into 3nf_Flights (Airline, FlightNo, SourceAirport, DestAirport) values ( 12 , 891,  'ALS',  'ATO');
	insert into 3nf_Flights (Airline, FlightNo, SourceAirport, DestAirport) values ( 12 , 924,  'ANB',  'KKI');
	insert into 3nf_Flights (Airline, FlightNo, SourceAirport, DestAirport) values ( 12 , 925,  'KKI',  'ANB');
	insert into 3nf_Flights (Airline, FlightNo, SourceAirport, DestAirport) values ( 12 , 946,  'AXG',  'AKK');
	insert into 3nf_Flights (Airline, FlightNo, SourceAirport, DestAirport) values ( 12 , 947,  'AKK',  'AXG');
	insert into 3nf_Flights (Airline, FlightNo, SourceAirport, DestAirport) values ( 12 , 956,  'AKO',  'ABL');
	insert into 3nf_Flights (Airline, FlightNo, SourceAirport, DestAirport) values ( 12 , 957,  'ABL',  'AKO');
	insert into 3nf_Flights (Airline, FlightNo, SourceAirport, DestAirport) values ( 12 , 970,  'AST',  'ADM');
	insert into 3nf_Flights (Airline, FlightNo, SourceAirport, DestAirport) values ( 12 , 971,  'ADM',  'AST');
	insert into 3nf_Flights (Airline, FlightNo, SourceAirport, DestAirport) values ( 12 , 1004,  'CAK',  'LTS');
	insert into 3nf_Flights (Airline, FlightNo, SourceAirport, DestAirport) values ( 12 , 1005,  'LTS',  'CAK');
	insert into 3nf_Flights (Airline, FlightNo, SourceAirport, DestAirport) values ( 12 , 1022,  'AKI',  'AHN');
	insert into 3nf_Flights (Airline, FlightNo, SourceAirport, DestAirport) values ( 12 , 1023,  'AHN',  'AKI');
	insert into 3nf_Flights (Airline, FlightNo, SourceAirport, DestAirport) values ( 12 , 1056,  'ALN',  'ADR');
	insert into 3nf_Flights (Airline, FlightNo, SourceAirport, DestAirport) values ( 12 , 1057,  'ADR',  'ALN');
	insert into 3nf_Flights (Airline, FlightNo, SourceAirport, DestAirport) values ( 12 , 1106,  'RLI',  'AIB');
	insert into 3nf_Flights (Airline, FlightNo, SourceAirport, DestAirport) values ( 12 , 1107,  'AIB',  'RLI');
	insert into 3nf_Flights (Airline, FlightNo, SourceAirport, DestAirport) values ( 12 , 1120,  'JLH',  'AHF');
	insert into 3nf_Flights (Airline, FlightNo, SourceAirport, DestAirport) values ( 12 , 1121,  'AHF',  'JLH');
	insert into 3nf_Flights (Airline, FlightNo, SourceAirport, DestAirport) values ( 12 , 1126,  'RLI',  'ABY');
	insert into 3nf_Flights (Airline, FlightNo, SourceAirport, DestAirport) values ( 12 , 1127,  'ABY',  'RLI');
	insert into 3nf_Flights (Airline, FlightNo, SourceAirport, DestAirport) values ( 12 , 1172,  'AMA',  'ARX');
	insert into 3nf_Flights (Airline, FlightNo, SourceAirport, DestAirport) values ( 12 , 1173,  'ARX',  'AMA');
	insert into 3nf_Flights (Airline, FlightNo, SourceAirport, DestAirport) values ( 12 , 1204,  'ARB',  'ADM');
	insert into 3nf_Flights (Airline, FlightNo, SourceAirport, DestAirport) values ( 12 , 1205,  'ADM',  'ARB');
	insert into 3nf_Flights (Airline, FlightNo, SourceAirport, DestAirport) values ( 12 , 1230,  'ANC',  'CVO');
	insert into 3nf_Flights (Airline, FlightNo, SourceAirport, DestAirport) values ( 12 , 1231,  'CVO',  'ANC');
	insert into 3nf_Flights (Airline, FlightNo, SourceAirport, DestAirport) values ( 12 , 1244,  'ANP',  'ANY');
	insert into 3nf_Flights (Airline, FlightNo, SourceAirport, DestAirport) values ( 12 , 1245,  'ANY',  'ANP');
	insert into 3nf_Flights (Airline, FlightNo, SourceAirport, DestAirport) values ( 12 , 1252,  'WKK',  'ANN');
	insert into 3nf_Flights (Airline, FlightNo, SourceAirport, DestAirport) values ( 12 , 1253,  'ANN',  'WKK');
	insert into 3nf_Flights (Airline, FlightNo, SourceAirport, DestAirport) values ( 12 , 1254,  'AIB',  'ANV');
	insert into 3nf_Flights (Airline, FlightNo, SourceAirport, DestAirport) values ( 12 , 1255,  'ANV',  'AIB');
	insert into 3nf_Flights (Airline, FlightNo, SourceAirport, DestAirport) values ( 12 , 1280,  'AEX',  'ARX');
	insert into 3nf_Flights (Airline, FlightNo, SourceAirport, DestAirport) values ( 12 , 1281,  'ARX',  'AEX');
	insert into 3nf_Flights (Airline, FlightNo, SourceAirport, DestAirport) values ( 12 , 1300,  'AMA',  'AFO');
	insert into 3nf_Flights (Airline, FlightNo, SourceAirport, DestAirport) values ( 12 , 1301,  'AFO',  'AMA');
	insert into 3nf_Flights (Airline, FlightNo, SourceAirport, DestAirport) values ( 12 , 1334,  'ADT',  'AKK');
	insert into 3nf_Flights (Airline, FlightNo, SourceAirport, DestAirport) values ( 12 , 1335,  'AKK',  'ADT');
	insert into 3nf_Flights (Airline, FlightNo, SourceAirport, DestAirport) values ( 12 , 1364,  'AMW',  'ANN');
	insert into 3nf_Flights (Airline, FlightNo, SourceAirport, DestAirport) values ( 12 , 1365,  'ANN',  'AMW');
	insert into 3nf_Flights (Airline, FlightNo, SourceAirport, DestAirport) values ( 12 , 1376,  'ALE',  'LTS');
	insert into 3nf_Flights (Airline, FlightNo, SourceAirport, DestAirport) values ( 12 , 1377,  'LTS',  'ALE');





/* --------------- BAKERY ------------------- */
/* -- BAKERY-1 -- 

Reduce the prices of Lemon Cake and Napoleon Cake by $2.*/
UPDATE Goods
SET Price = Price - 2.00
WHERE (Flavor = 'Lemon' AND Food = 'Cake') OR (Flavor = 'Napoleon' AND Food = 'Cake');

/* -- BAKERY-2 -- 

Increase by 15% the price of all Apricot or 
Chocolate flavored items with a current price below $5.95.*/
UPDATE Goods
SET Price = Price + (Price * 0.15)
WHERE (Flavor = 'Apricot' AND Price < 5.95) OR (Flavor = 'Chocolate' AND Price < 5.95);

/* -- BAKERY-3 -- 

Modify the schema of the receipt table to replace the SaleDate column with a column named SaleDateTime that allows 
storage of both a date and time in a single column. For existing records, populate the new SaleDateTime with the original receipt date, 
and a time of 00:00. */
ALTER TABLE Reciepts CHANGE RecDate SaleDateTime DATETIME; 

/* first try was like this:
ALTER TABLE Reciepts DROP column RecDate;
ALTER TABLE Reciepts ADD column SaleDateTime DATETIME;*/
/* dont need to add inset or update statemtns because it automatically filled time with 00:00 
	insert into Reciepts (SaleDateTime) values ('2007-10-28 00:00');
		this made the reciept num and customer id both 0*/





/* --------------- INN ------------------- */

/* -- INN-1 -- 
The inn has decided to offer room service and wishes to record all room service orders in its database. 
The following detail will be tracked for each room service order:
(a) The reservation to be charged
(b) Date and time of the room service order
(c) Date and time of scheduled delivery (d) Total bill amount (excluding gratuity)
(e) Gratuity amount (if any)
(f) First name of the person who placed the order
Some guests will place more than one room service order during a single stay at the inn. Your structure must support
this. Add three room service order for reservation with code 98805, and two additional room service orders for reservation(s) of your choosing. */


CREATE TABLE RoomServices(
	ReservationCode INTEGER, 
	OrderTime DATETIME,
	ScheduledDelivery DATETIME,
	TotalBill DECIMAL(6,2),
	Gratuity DECIMAL(4,2),
	FirstName varchar(250),
 
   foreign key (ReservationCode) references Reservations (Code)
);

insert into RoomServices (ReservationCode, OrderTime, ScheduledDelivery, TotalBill, Gratuity, FirstName) 
	values (98805, '2010-09-16 12:00', '2010-09-17 01:00',  195.00, 2.50, 'IVORY');
insert into RoomServices (ReservationCode, OrderTime, ScheduledDelivery, TotalBill, Gratuity, FirstName) 
	values (98805, '2010-09-16 01:00', '2010-09-17 02:00',  200.00, 5.50, 'IVORY');
insert into RoomServices (ReservationCode, OrderTime, ScheduledDelivery, TotalBill, Gratuity, FirstName) 
	values (98805, '2010-09-16 02:00', '2010-09-17 03:00',  185.00, 10.00, 'IVORY');
insert into RoomServices (ReservationCode, OrderTime, ScheduledDelivery, TotalBill, Gratuity, FirstName) 
	values (91415, '2010-05-15 04:00', '2010-05-16 12:00',  120.00, 7.25, 'CHERLY');
insert into RoomServices (ReservationCode, OrderTime, ScheduledDelivery, TotalBill, Gratuity, FirstName) 
	values (92608, '2010-07-30 10:00', '2010-08-01 09:00',  165.00, 20.00, 'IVORY');


/* -- INN-2 -- 
Construct a DML statement that may be run periodically to purge old activity for this person only. = ENA KOLB */
DELETE FROM Reservations WHERE (FirstName = 'ENA' AND LastName = 'KOLB') AND (CheckOut - CURDATE() < -6);
/* this should be deleting from both reservatinons and room services */


/* -- INN-3 -- 
Define one or more triggers on the reservations table to prevent reservations from over- lapping with one another.*/
delimiter **
CREATE TRIGGER date_overlap BEFORE INSERT ON Reservations
FOR EACH ROW
	BEGIN
		IF EXISTS(
		SELECT * FROM Reservations
		WHERE (CheckIn <= NEW.CheckOut) AND (CheckOut  >= NEW.CheckIn) AND (Room != NEW.Room)) 
		THEN
		SIGNAL SQLSTATE '45000'
		SET MESSAGE_TEXT = 'Overlapping date reservations.';
		END IF;
	END; **
delimiter ;






